分類排序,原始排序,主分類,子分類,publisher,name,url,具體用途（中文）,API/服務型態,典型輸入,典型輸出,落地操作步驟,建議串接位置,POC檢核,nimType,原始 Use Case,general,description
1,128,LLM / Agent / 程式碼,Coding Agent / 程式碼生成,abacusai,dracarys-llama-3.1-70b-instruct,https://build.nvidia.com/abacusai/dracarys-llama-3_1-70b-instruct,生成、修改、解釋與除錯程式碼，支援長上下文 coding agent、瀏覽器操作與軟體工程自動化。,Chat / Responses 類 API,system prompt、user prompt、上下文文件、工具定義或程式碼片段,文字回答、程式碼 diff、工具呼叫參數、推理/摘要結果,1. 定義 coding 任務模板（修 bug、產生測試、解釋程式碼）。2. 把 repo 摘要/相關檔案/錯誤日誌放入 prompt。3. 呼叫模型產生 patch 或建議。4. 用 CI/單元測試驗證。5. 人審後合併。,IDE 助手、CI bot、PR review bot、內部開發平台,先用 20-50 筆代表資料測 latency、準確率與成本，再決定雲端端點或自部署。,Free Endpoint,(未標示),Code Generation; Text-to-Text,"Fine-tuned Llama 3.1 70B model for code generation, summarization, and multi-language tasks."
2,6,LLM / Agent / 程式碼,Coding Agent / 程式碼生成,deepseek-ai,deepseek-v4-flash,https://build.nvidia.com/deepseek-ai/deepseek-v4-flash,生成、修改、解釋與除錯程式碼，支援長上下文 coding agent、瀏覽器操作與軟體工程自動化。,Chat / Responses 類 API,system prompt、user prompt、上下文文件、工具定義或程式碼片段,文字回答、程式碼 diff、工具呼叫參數、推理/摘要結果,1. 定義 coding 任務模板（修 bug、產生測試、解釋程式碼）。2. 把 repo 摘要/相關檔案/錯誤日誌放入 prompt。3. 呼叫模型產生 patch 或建議。4. 用 CI/單元測試驗證。5. 人審後合併。,IDE 助手、CI bot、PR review bot、內部開發平台,先用 20-50 筆代表資料測 latency、準確率與成本，再決定雲端端點或自部署。,Partner Endpoint; Download Available,(未標示),coding; MoE; fast; agentic,DeepSeek V4 Flash is a 284B MoE model with 1M-token context optimized for fast coding and agents.
3,7,LLM / Agent / 程式碼,Coding Agent / 程式碼生成,deepseek-ai,deepseek-v4-pro,https://build.nvidia.com/deepseek-ai/deepseek-v4-pro,生成、修改、解釋與除錯程式碼，支援長上下文 coding agent、瀏覽器操作與軟體工程自動化。,Chat / Responses 類 API,system prompt、user prompt、上下文文件、工具定義或程式碼片段,文字回答、程式碼 diff、工具呼叫參數、推理/摘要結果,1. 定義 coding 任務模板（修 bug、產生測試、解釋程式碼）。2. 把 repo 摘要/相關檔案/錯誤日誌放入 prompt。3. 呼叫模型產生 patch 或建議。4. 用 CI/單元測試驗證。5. 人審後合併。,IDE 助手、CI bot、PR review bot、內部開發平台,先用 20-50 筆代表資料測 latency、準確率與成本，再決定雲端端點或自部署。,Download Available; Partner Endpoint,(未標示),Moe; reasoning; coding; agentic,DeepSeek V4 scales to 1M-token context windows with efficient MoE architecture for coding tasks.
4,137,LLM / Agent / 程式碼,Coding Agent / 程式碼生成,google,gemma-2-2b-it,https://build.nvidia.com/google/gemma-2-2b-it,生成、修改、解釋與除錯程式碼，支援長上下文 coding agent、瀏覽器操作與軟體工程自動化。,Chat / Responses 類 API,system prompt、user prompt、上下文文件、工具定義或程式碼片段,文字回答、程式碼 diff、工具呼叫參數、推理/摘要結果,1. 定義 coding 任務模板（修 bug、產生測試、解釋程式碼）。2. 把 repo 摘要/相關檔案/錯誤日誌放入 prompt。3. 呼叫模型產生 patch 或建議。4. 用 CI/單元測試驗證。5. 人審後合併。,IDE 助手、CI bot、PR review bot、內部開發平台,先用 20-50 筆代表資料測 latency、準確率與成本，再決定雲端端點或自部署。,Free Endpoint,Code Generation,Chat; Text-to-Text; Language Generation,Advanced small language generative AI model for edge applications
5,17,LLM / Agent / 程式碼,Coding Agent / 程式碼生成,google,gemma-4-31b-it,https://build.nvidia.com/google/gemma-4-31b-it,生成、修改、解釋與除錯程式碼，支援長上下文 coding agent、瀏覽器操作與軟體工程自動化。,Chat / Responses 類 API,system prompt、user prompt、上下文文件、工具定義或程式碼片段,文字回答、程式碼 diff、工具呼叫參數、推理/摘要結果,1. 定義 coding 任務模板（修 bug、產生測試、解釋程式碼）。2. 把 repo 摘要/相關檔案/錯誤日誌放入 prompt。3. 呼叫模型產生 patch 或建議。4. 用 CI/單元測試驗證。5. 人審後合併。,IDE 助手、CI bot、PR review bot、內部開發平台,先用 20-50 筆代表資料測 latency、準確率與成本，再決定雲端端點或自部署。,Download Available; Partner Endpoint,(未標示),coding; text-to-text; reasoning; agentic,"Dense 31B model delivering frontier reasoning for coding, agentic workflows, and fine-tuning."
6,140,LLM / Agent / 程式碼,Coding Agent / 程式碼生成,meta,llama-3.1-70b-instruct,https://build.nvidia.com/meta/llama-3_1-70b-instruct,生成、修改、解釋與除錯程式碼，支援長上下文 coding agent、瀏覽器操作與軟體工程自動化。,Chat / Responses 類 API,system prompt、user prompt、上下文文件、工具定義或程式碼片段,文字回答、程式碼 diff、工具呼叫參數、推理/摘要結果,1. 定義 coding 任務模板（修 bug、產生測試、解釋程式碼）。2. 把 repo 摘要/相關檔案/錯誤日誌放入 prompt。3. 呼叫模型產生 patch 或建議。4. 用 CI/單元測試驗證。5. 人審後合併。,IDE 助手、CI bot、PR review bot、內部開發平台,先用 20-50 筆代表資料測 latency、準確率與成本，再決定雲端端點或自部署。,Partner Endpoint; Download Available,Code Generation,Chat; Text-to-Text; Language Generation,"Powers complex conversations with superior contextual understanding, reasoning and text generation."
7,141,LLM / Agent / 程式碼,Coding Agent / 程式碼生成,meta,llama-3.1-8b-instruct,https://build.nvidia.com/meta/llama-3_1-8b-instruct,生成、修改、解釋與除錯程式碼，支援長上下文 coding agent、瀏覽器操作與軟體工程自動化。,Chat / Responses 類 API,system prompt、user prompt、上下文文件、工具定義或程式碼片段,文字回答、程式碼 diff、工具呼叫參數、推理/摘要結果,1. 定義 coding 任務模板（修 bug、產生測試、解釋程式碼）。2. 把 repo 摘要/相關檔案/錯誤日誌放入 prompt。3. 呼叫模型產生 patch 或建議。4. 用 CI/單元測試驗證。5. 人審後合併。,IDE 助手、CI bot、PR review bot、內部開發平台,先用 20-50 筆代表資料測 latency、準確率與成本，再決定雲端端點或自部署。,Download Available; Partner Endpoint,Code Generation,Chat; Text-to-Text; Language Generation; Run-on-RTX,"Advanced state-of-the-art model with language understanding, superior reasoning, and text generation."
8,127,LLM / Agent / 程式碼,Coding Agent / 程式碼生成,meta,llama-3.2-1b-instruct,https://build.nvidia.com/meta/llama-3.2-1b-instruct,生成、修改、解釋與除錯程式碼，支援長上下文 coding agent、瀏覽器操作與軟體工程自動化。,Chat / Responses 類 API,system prompt、user prompt、上下文文件、工具定義或程式碼片段,文字回答、程式碼 diff、工具呼叫參數、推理/摘要結果,1. 定義 coding 任務模板（修 bug、產生測試、解釋程式碼）。2. 把 repo 摘要/相關檔案/錯誤日誌放入 prompt。3. 呼叫模型產生 patch 或建議。4. 用 CI/單元測試驗證。5. 人審後合併。,IDE 助手、CI bot、PR review bot、內部開發平台,先用 20-50 筆代表資料測 latency、準確率與成本，再決定雲端端點或自部署。,Partner Endpoint; Download Available,Code Generation,chat; Text-to-Text; Language Generation,"Advanced state-of-the-art small language model with language understanding, superior reasoning, and text generation."
9,124,LLM / Agent / 程式碼,Coding Agent / 程式碼生成,meta,llama-3.2-3b-instruct,https://build.nvidia.com/meta/llama-3.2-3b-instruct,生成、修改、解釋與除錯程式碼，支援長上下文 coding agent、瀏覽器操作與軟體工程自動化。,Chat / Responses 類 API,system prompt、user prompt、上下文文件、工具定義或程式碼片段,文字回答、程式碼 diff、工具呼叫參數、推理/摘要結果,1. 定義 coding 任務模板（修 bug、產生測試、解釋程式碼）。2. 把 repo 摘要/相關檔案/錯誤日誌放入 prompt。3. 呼叫模型產生 patch 或建議。4. 用 CI/單元測試驗證。5. 人審後合併。,IDE 助手、CI bot、PR review bot、內部開發平台,先用 20-50 筆代表資料測 latency、準確率與成本，再決定雲端端點或自部署。,Partner Endpoint; Download Available,Code Generation,Chat; Text-to-Text; Language Generation,"Advanced state-of-the-art small language model with language understanding, superior reasoning, and text generation."
10,118,LLM / Agent / 程式碼,Coding Agent / 程式碼生成,meta,llama-3.3-70b-instruct,https://build.nvidia.com/meta/llama-3_3-70b-instruct,生成、修改、解釋與除錯程式碼，支援長上下文 coding agent、瀏覽器操作與軟體工程自動化。,Chat / Responses 類 API,system prompt、user prompt、上下文文件、工具定義或程式碼片段,文字回答、程式碼 diff、工具呼叫參數、推理/摘要結果,1. 定義 coding 任務模板（修 bug、產生測試、解釋程式碼）。2. 把 repo 摘要/相關檔案/錯誤日誌放入 prompt。3. 呼叫模型產生 patch 或建議。4. 用 CI/單元測試驗證。5. 人審後合併。,IDE 助手、CI bot、PR review bot、內部開發平台,先用 20-50 筆代表資料測 latency、準確率與成本，再決定雲端端點或自部署。,Download Available; Partner Endpoint,Code Generation,Instruction following; Math; Reasoning; Text-to-Text,"Advanced LLM for reasoning, math, general knowledge, and function calling"
11,105,LLM / Agent / 程式碼,Coding Agent / 程式碼生成,microsoft,phi-4-mini-instruct,https://build.nvidia.com/microsoft/phi-4-mini-instruct,生成、修改、解釋與除錯程式碼，支援長上下文 coding agent、瀏覽器操作與軟體工程自動化。,Chat / Responses 類 API,system prompt、user prompt、上下文文件、工具定義或程式碼片段,文字回答、程式碼 diff、工具呼叫參數、推理/摘要結果,1. 定義 coding 任務模板（修 bug、產生測試、解釋程式碼）。2. 把 repo 摘要/相關檔案/錯誤日誌放入 prompt。3. 呼叫模型產生 patch 或建議。4. 用 CI/單元測試驗證。5. 人審後合併。,IDE 助手、CI bot、PR review bot、內部開發平台,先用 20-50 筆代表資料測 latency、準確率與成本，再決定雲端端點或自部署。,Partner Endpoint; Download Available,Code Generation,Chat; Text-to-Text; Language Generation,"Lightweight multilingual LLM powering AI applications in latency bound, memory/compute constrained environments"
12,32,LLM / Agent / 程式碼,Coding Agent / 程式碼生成,minimaxai,minimax-m2.5,https://build.nvidia.com/minimaxai/minimax-m2.5,生成、修改、解釋與除錯程式碼，支援長上下文 coding agent、瀏覽器操作與軟體工程自動化。,Chat / Responses 類 API,system prompt、user prompt、上下文文件、工具定義或程式碼片段,文字回答、程式碼 diff、工具呼叫參數、推理/摘要結果,1. 定義 coding 任務模板（修 bug、產生測試、解釋程式碼）。2. 把 repo 摘要/相關檔案/錯誤日誌放入 prompt。3. 呼叫模型產生 patch 或建議。4. 用 CI/單元測試驗證。5. 人審後合併。,IDE 助手、CI bot、PR review bot、內部開發平台,先用 20-50 筆代表資料測 latency、準確率與成本，再決定雲端端點或自部署。,Download Available; Partner Endpoint,(未標示),reasoning; coding; text-to-text,"MiniMax M2.5 is a 230B-parameter text-to-text AI model excelling in coding, reasoning, and office tasks."
13,16,LLM / Agent / 程式碼,Coding Agent / 程式碼生成,minimaxai,minimax-m2.7,https://build.nvidia.com/minimaxai/minimax-m2.7,生成、修改、解釋與除錯程式碼，支援長上下文 coding agent、瀏覽器操作與軟體工程自動化。,Chat / Responses 類 API,system prompt、user prompt、上下文文件、工具定義或程式碼片段,文字回答、程式碼 diff、工具呼叫參數、推理/摘要結果,1. 定義 coding 任務模板（修 bug、產生測試、解釋程式碼）。2. 把 repo 摘要/相關檔案/錯誤日誌放入 prompt。3. 呼叫模型產生 patch 或建議。4. 用 CI/單元測試驗證。5. 人審後合併。,IDE 助手、CI bot、PR review bot、內部開發平台,先用 20-50 筆代表資料測 latency、準確率與成本，再決定雲端端點或自部署。,Partner Endpoint; Free Endpoint,(未標示),coding; text-to-text; reasoning,"MiniMax M2.7 is a 230B-parameter text-to-text AI model excelling in coding, reasoning, and office tasks."
14,42,LLM / Agent / 程式碼,Coding Agent / 程式碼生成,mistralai,devstral-2-123b-instruct-2512,https://build.nvidia.com/mistralai/devstral-2-123b-instruct-2512,生成、修改、解釋與除錯程式碼，支援長上下文 coding agent、瀏覽器操作與軟體工程自動化。,Chat / Responses 類 API,system prompt、user prompt、上下文文件、工具定義或程式碼片段,文字回答、程式碼 diff、工具呼叫參數、推理/摘要結果,1. 定義 coding 任務模板（修 bug、產生測試、解釋程式碼）。2. 把 repo 摘要/相關檔案/錯誤日誌放入 prompt。3. 呼叫模型產生 patch 或建議。4. 用 CI/單元測試驗證。5. 人審後合併。,IDE 助手、CI bot、PR review bot、內部開發平台,先用 20-50 筆代表資料測 latency、準確率與成本，再決定雲端端點或自部署。,Partner Endpoint; Free Endpoint,(未標示),coding; reasoning; text-to-code; agentic,"State-of-the-art open code model with deep reasoning, 256k context, and unmatched efficiency."
15,74,LLM / Agent / 程式碼,Coding Agent / 程式碼生成,mistralai,magistral-small-2506,https://build.nvidia.com/mistralai/magistral-small-2506,生成、修改、解釋與除錯程式碼，支援長上下文 coding agent、瀏覽器操作與軟體工程自動化。,Chat / Responses 類 API,system prompt、user prompt、上下文文件、工具定義或程式碼片段,文字回答、程式碼 diff、工具呼叫參數、推理/摘要結果,1. 定義 coding 任務模板（修 bug、產生測試、解釋程式碼）。2. 把 repo 摘要/相關檔案/錯誤日誌放入 prompt。3. 呼叫模型產生 patch 或建議。4. 用 CI/單元測試驗證。5. 人審後合併。,IDE 助手、CI bot、PR review bot、內部開發平台,先用 20-50 筆代表資料測 latency、準確率與成本，再決定雲端端點或自部署。,Partner Endpoint; Free Endpoint,(未標示),coding; math; advanced reasoning; multilingual,High performance reasoning model optimized for efficiency and edge deployment
16,4,LLM / Agent / 程式碼,Coding Agent / 程式碼生成,mistralai,mistral-medium-3.5-128b,https://build.nvidia.com/mistralai/mistral-medium-3.5-128b,生成、修改、解釋與除錯程式碼，支援長上下文 coding agent、瀏覽器操作與軟體工程自動化。,Chat / Responses 類 API,system prompt、user prompt、上下文文件、工具定義或程式碼片段,文字回答、程式碼 diff、工具呼叫參數、推理/摘要結果,1. 定義 coding 任務模板（修 bug、產生測試、解釋程式碼）。2. 把 repo 摘要/相關檔案/錯誤日誌放入 prompt。3. 呼叫模型產生 patch 或建議。4. 用 CI/單元測試驗證。5. 人審後合併。,IDE 助手、CI bot、PR review bot、內部開發平台,先用 20-50 筆代表資料測 latency、準確率與成本，再決定雲端端點或自部署。,Download Available,(未標示),coding; reasoning; text; agentic,"A high performing model for text generation, coding and agentic use cases"
17,82,LLM / Agent / 程式碼,Coding Agent / 程式碼生成,mistralai,mistral-nemotron,https://build.nvidia.com/mistralai/mistral-nemotron,生成、修改、解釋與除錯程式碼，支援長上下文 coding agent、瀏覽器操作與軟體工程自動化。,Chat / Responses 類 API,system prompt、user prompt、上下文文件、工具定義或程式碼片段,文字回答、程式碼 diff、工具呼叫參數、推理/摘要結果,1. 定義 coding 任務模板（修 bug、產生測試、解釋程式碼）。2. 把 repo 摘要/相關檔案/錯誤日誌放入 prompt。3. 呼叫模型產生 patch 或建議。4. 用 CI/單元測試驗證。5. 人審後合併。,IDE 助手、CI bot、PR review bot、內部開發平台,先用 20-50 筆代表資料測 latency、準確率與成本，再決定雲端端點或自部署。,Free Endpoint,(未標示),language generation; instruction following; function calling,"Built for agentic workflows, this model excels in coding, instruction following, and function calling"
18,150,LLM / Agent / 程式碼,Coding Agent / 程式碼生成,mistralai,mixtral-8x22b-instruct-v0.1,https://build.nvidia.com/mistralai/mixtral-8x22b-instruct,生成、修改、解釋與除錯程式碼，支援長上下文 coding agent、瀏覽器操作與軟體工程自動化。,Chat / Responses 類 API,system prompt、user prompt、上下文文件、工具定義或程式碼片段,文字回答、程式碼 diff、工具呼叫參數、推理/摘要結果,1. 定義 coding 任務模板（修 bug、產生測試、解釋程式碼）。2. 把 repo 摘要/相關檔案/錯誤日誌放入 prompt。3. 呼叫模型產生 patch 或建議。4. 用 CI/單元測試驗證。5. 人審後合併。,IDE 助手、CI bot、PR review bot、內部開發平台,先用 20-50 筆代表資料測 latency、準確率與成本，再決定雲端端點或自部署。,Partner Endpoint; Download Available,Code Generation,Advanced Reasoning; Chat; Text-to-Text; Large Language Models,"An MOE LLM that follows instructions, completes requests, and generates creative text."
19,156,LLM / Agent / 程式碼,Coding Agent / 程式碼生成,mistralai,mixtral-8x7b-instruct-v0.1,https://build.nvidia.com/mistralai/mixtral-8x7b-instruct,生成、修改、解釋與除錯程式碼，支援長上下文 coding agent、瀏覽器操作與軟體工程自動化。,Chat / Responses 類 API,system prompt、user prompt、上下文文件、工具定義或程式碼片段,文字回答、程式碼 diff、工具呼叫參數、推理/摘要結果,1. 定義 coding 任務模板（修 bug、產生測試、解釋程式碼）。2. 把 repo 摘要/相關檔案/錯誤日誌放入 prompt。3. 呼叫模型產生 patch 或建議。4. 用 CI/單元測試驗證。5. 人審後合併。,IDE 助手、CI bot、PR review bot、內部開發平台,先用 20-50 筆代表資料測 latency、準確率與成本，再決定雲端端點或自部署。,Partner Endpoint; Download Available,Code Generation,Advanced Reasoning; Chat; Text-to-Text; Large Language Models,"An MOE LLM that follows instructions, completes requests, and generates creative text."
20,73,LLM / Agent / 程式碼,Coding Agent / 程式碼生成,moonshotai,kimi-k2-instruct,https://build.nvidia.com/moonshotai/kimi-k2-instruct,生成、修改、解釋與除錯程式碼，支援長上下文 coding agent、瀏覽器操作與軟體工程自動化。,Chat / Responses 類 API,system prompt、user prompt、上下文文件、工具定義或程式碼片段,文字回答、程式碼 diff、工具呼叫參數、推理/摘要結果,1. 定義 coding 任務模板（修 bug、產生測試、解釋程式碼）。2. 把 repo 摘要/相關檔案/錯誤日誌放入 prompt。3. 呼叫模型產生 patch 或建議。4. 用 CI/單元測試驗證。5. 人審後合併。,IDE 助手、CI bot、PR review bot、內部開發平台,先用 20-50 筆代表資料測 latency、準確率與成本，再決定雲端端點或自部署。,Partner Endpoint; Free Endpoint,(未標示),coding; chat; advanced reasoning; agentic,"State-of-the-art open mixture-of-experts model with strong reasoning, coding, and agentic capabilities"
21,40,LLM / Agent / 程式碼,Coding Agent / 程式碼生成,nvidia,nemotron-3-nano-30b-a3b,https://build.nvidia.com/nvidia/nemotron-3-nano-30b-a3b,生成、修改、解釋與除錯程式碼，支援長上下文 coding agent、瀏覽器操作與軟體工程自動化。,Chat / Responses 類 API,system prompt、user prompt、上下文文件、工具定義或程式碼片段,文字回答、程式碼 diff、工具呼叫參數、推理/摘要結果,1. 定義 coding 任務模板（修 bug、產生測試、解釋程式碼）。2. 把 repo 摘要/相關檔案/錯誤日誌放入 prompt。3. 呼叫模型產生 patch 或建議。4. 用 CI/單元測試驗證。5. 人審後合併。,IDE 助手、CI bot、PR review bot、內部開發平台,先用 20-50 筆代表資料測 latency、準確率與成本，再決定雲端端點或自部署。,Partner Endpoint; Download Available,(未標示),MoE; Reasoning; Long Context; Instruction Following,"Open, efficient MoE model with 1M context, excelling in coding, reasoning, instruction following, tool calling, and more"
22,24,LLM / Agent / 程式碼,Coding Agent / 程式碼生成,nvidia,nemotron-3-super-120b-a12b,https://build.nvidia.com/nvidia/nemotron-3-super-120b-a12b,生成、修改、解釋與除錯程式碼，支援長上下文 coding agent、瀏覽器操作與軟體工程自動化。,Chat / Responses 類 API,system prompt、user prompt、上下文文件、工具定義或程式碼片段,文字回答、程式碼 diff、工具呼叫參數、推理/摘要結果,1. 定義 coding 任務模板（修 bug、產生測試、解釋程式碼）。2. 把 repo 摘要/相關檔案/錯誤日誌放入 prompt。3. 呼叫模型產生 patch 或建議。4. 用 CI/單元測試驗證。5. 人審後合併。,IDE 助手、CI bot、PR review bot、內部開發平台,先用 20-50 筆代表資料測 latency、準確率與成本，再決定雲端端點或自部署。,Download Available; Partner Endpoint,(未標示),MoE; Reasoning; Chat; Long Context; Instruction Following,"Open, efficient hybrid Mamba-Transformer MoE with 1M context, excelling in agentic reasoning, coding, planning, tool calling, and more"
23,114,LLM / Agent / 程式碼,Coding Agent / 程式碼生成,qwen,qwen2.5-coder-32b-instruct,https://build.nvidia.com/qwen/qwen2_5-coder-32b-instruct,生成、修改、解釋與除錯程式碼，支援長上下文 coding agent、瀏覽器操作與軟體工程自動化。,Chat / Responses 類 API,system prompt、user prompt、上下文文件、工具定義或程式碼片段,文字回答、程式碼 diff、工具呼叫參數、推理/摘要結果,1. 定義 coding 任務模板（修 bug、產生測試、解釋程式碼）。2. 把 repo 摘要/相關檔案/錯誤日誌放入 prompt。3. 呼叫模型產生 patch 或建議。4. 用 CI/單元測試驗證。5. 人審後合併。,IDE 助手、CI bot、PR review bot、內部開發平台,先用 20-50 筆代表資料測 latency、準確率與成本，再決定雲端端點或自部署。,Partner Endpoint; Download Available,(未標示),code completion; code generation; text-to-code,"Advanced LLM for code generation, reasoning, and fixing across popular programming languages."
24,61,LLM / Agent / 程式碼,Coding Agent / 程式碼生成,qwen,qwen3-coder-480b-a35b-instruct,https://build.nvidia.com/qwen/qwen3-coder-480b-a35b-instruct,生成、修改、解釋與除錯程式碼，支援長上下文 coding agent、瀏覽器操作與軟體工程自動化。,Chat / Responses 類 API,system prompt、user prompt、上下文文件、工具定義或程式碼片段,文字回答、程式碼 diff、工具呼叫參數、推理/摘要結果,1. 定義 coding 任務模板（修 bug、產生測試、解釋程式碼）。2. 把 repo 摘要/相關檔案/錯誤日誌放入 prompt。3. 呼叫模型產生 patch 或建議。4. 用 CI/單元測試驗證。5. 人審後合併。,IDE 助手、CI bot、PR review bot、內部開發平台,先用 20-50 筆代表資料測 latency、準確率與成本，再決定雲端端點或自部署。,Partner Endpoint; Free Endpoint,(未標示),agentic coding; moe; long context; browser use,"Excels in agentic coding and browser use and supports 256K context, delivering top results."
25,70,LLM / Agent / 程式碼,Coding Agent / 程式碼生成,sarvamai,sarvam-m,https://build.nvidia.com/sarvamai/sarvam-m,生成、修改、解釋與除錯程式碼，支援長上下文 coding agent、瀏覽器操作與軟體工程自動化。,Chat / Responses 類 API,system prompt、user prompt、上下文文件、工具定義或程式碼片段,文字回答、程式碼 diff、工具呼叫參數、推理/摘要結果,1. 定義 coding 任務模板（修 bug、產生測試、解釋程式碼）。2. 把 repo 摘要/相關檔案/錯誤日誌放入 prompt。3. 呼叫模型產生 patch 或建議。4. 用 CI/單元測試驗證。5. 人審後合併。,IDE 助手、CI bot、PR review bot、內部開發平台,先用 20-50 筆代表資料測 latency、準確率與成本，再決定雲端端點或自部署。,Partner Endpoint; Download Available,(未標示),coding; indic languages; hybrid; reasoning; math; multilingual,"Multilingual, hybrid-reasoning model optimized for Indian language tasks, programming, mathematical reasoning capabilities."
26,36,LLM / Agent / 程式碼,Coding Agent / 程式碼生成,stepfun-ai,step-3.5-flash,https://build.nvidia.com/stepfun-ai/step-3.5-flash,生成、修改、解釋與除錯程式碼，支援長上下文 coding agent、瀏覽器操作與軟體工程自動化。,Chat / Responses 類 API,system prompt、user prompt、上下文文件、工具定義或程式碼片段,文字回答、程式碼 diff、工具呼叫參數、推理/摘要結果,1. 定義 coding 任務模板（修 bug、產生測試、解釋程式碼）。2. 把 repo 摘要/相關檔案/錯誤日誌放入 prompt。3. 呼叫模型產生 patch 或建議。4. 用 CI/單元測試驗證。5. 人審後合併。,IDE 助手、CI bot、PR review bot、內部開發平台,先用 20-50 筆代表資料測 latency、準確率與成本，再決定雲端端點或自部署。,Partner Endpoint; Free Endpoint,(未標示),Agentic; Coding; Reasoning,200B open-source reasoning engine with sparse MoE powering frontier agentic AI.
27,9,LLM / Agent / 程式碼,Coding Agent / 程式碼生成,z-ai,glm-4.7,https://build.nvidia.com/z-ai/glm-4.7,生成、修改、解釋與除錯程式碼，支援長上下文 coding agent、瀏覽器操作與軟體工程自動化。,Chat / Responses 類 API,system prompt、user prompt、上下文文件、工具定義或程式碼片段,文字回答、程式碼 diff、工具呼叫參數、推理/摘要結果,1. 定義 coding 任務模板（修 bug、產生測試、解釋程式碼）。2. 把 repo 摘要/相關檔案/錯誤日誌放入 prompt。3. 呼叫模型產生 patch 或建議。4. 用 CI/單元測試驗證。5. 人審後合併。,IDE 助手、CI bot、PR review bot、內部開發平台,先用 20-50 筆代表資料測 latency、準確率與成本，再決定雲端端點或自部署。,Partner Endpoint; Free Endpoint,(未標示),Tool Calling; Coding; Reasoning; Multilingual,"GLM-4.7 is a multilingual agentic coding partner with stronger reasoning, tool use, and UI skills."
28,8,LLM / Agent / 程式碼,Coding Agent / 程式碼生成,z-ai,glm-5.1,https://build.nvidia.com/z-ai/glm-5.1,生成、修改、解釋與除錯程式碼，支援長上下文 coding agent、瀏覽器操作與軟體工程自動化。,Chat / Responses 類 API,system prompt、user prompt、上下文文件、工具定義或程式碼片段,文字回答、程式碼 diff、工具呼叫參數、推理/摘要結果,1. 定義 coding 任務模板（修 bug、產生測試、解釋程式碼）。2. 把 repo 摘要/相關檔案/錯誤日誌放入 prompt。3. 呼叫模型產生 patch 或建議。4. 用 CI/單元測試驗證。5. 人審後合併。,IDE 助手、CI bot、PR review bot、內部開發平台,先用 20-50 筆代表資料測 latency、準確率與成本，再決定雲端端點或自部署。,Partner Endpoint; Download Available,(未標示),Agentic AI; Coding; Reasoning; Tool Use,"GLM-5.1 is a flagship LLM for agentic workflows, coding, and long-horizon reasoning tasks."
29,59,LLM / Agent / 程式碼,通用推理 / 工具呼叫 Agent,bytedance,seed-oss-36b-instruct,https://build.nvidia.com/bytedance/seed-oss-36b-instruct,做通用文字生成、推理、工具呼叫、長文件理解與多步驟 agent 工作流，用於客服、研究、摘要、規劃與企業助理。,Chat / Responses 類 API,system prompt、user prompt、上下文文件、工具定義或程式碼片段,文字回答、程式碼 diff、工具呼叫參數、推理/摘要結果,1. 定義 agent 任務與工具邊界。2. 設計 prompt、工具 schema、記憶/上下文策略。3. 呼叫模型做規劃/工具選擇/回答。4. 對工具結果二次驗證。5. 上線前加 guardrail、logging、人工接管。,企業助理、研究助理、客服 agent、工作流自動化,先用 20-50 筆代表資料測 latency、準確率與成本，再決定雲端端點或自部署。,Free Endpoint,(未標示),thinking budget; reasoning; text-generation,"ByteDance open-source LLM with long-context, reasoning, and agentic intelligence."
30,143,LLM / Agent / 程式碼,通用推理 / 工具呼叫 Agent,mistralai,mistral-7b-instruct-v0.3,https://build.nvidia.com/mistralai/mistral-7b-instruct-v03,做通用文字生成、推理、工具呼叫、長文件理解與多步驟 agent 工作流，用於客服、研究、摘要、規劃與企業助理。,Chat / Responses 類 API,system prompt、user prompt、上下文文件、工具定義或程式碼片段,文字回答、程式碼 diff、工具呼叫參數、推理/摘要結果,1. 定義 agent 任務與工具邊界。2. 設計 prompt、工具 schema、記憶/上下文策略。3. 呼叫模型做規劃/工具選擇/回答。4. 對工具結果二次驗證。5. 上線前加 guardrail、logging、人工接管。,企業助理、研究助理、客服 agent、工作流自動化,先用 20-50 筆代表資料測 latency、準確率與成本，再決定雲端端點或自部署。,Partner Endpoint; Download Available,(未標示),Chat; Text-to-Text; Language Generation,"This LLM follows instructions, completes requests, and generates creative text."
31,43,LLM / Agent / 程式碼,通用推理 / 工具呼叫 Agent,moonshotai,kimi-k2-thinking,https://build.nvidia.com/moonshotai/kimi-k2-thinking,做通用文字生成、推理、工具呼叫、長文件理解與多步驟 agent 工作流，用於客服、研究、摘要、規劃與企業助理。,Chat / Responses 類 API,system prompt、user prompt、上下文文件、工具定義或程式碼片段,文字回答、程式碼 diff、工具呼叫參數、推理/摘要結果,1. 定義 agent 任務與工具邊界。2. 設計 prompt、工具 schema、記憶/上下文策略。3. 呼叫模型做規劃/工具選擇/回答。4. 對工具結果二次驗證。5. 上線前加 guardrail、logging、人工接管。,企業助理、研究助理、客服 agent、工作流自動化,先用 20-50 筆代表資料測 latency、準確率與成本，再決定雲端端點或自部署。,Partner Endpoint; Free Endpoint,(未標示),Conversational; Reasoning; Long Context; Function Calling,"Open reasoning model with 256K context window, native INT4 quantization and enhanced tool use."
32,95,LLM / Agent / 程式碼,通用推理 / 工具呼叫 Agent,nvidia,llama-3.1-nemotron-nano-8b-v1,https://build.nvidia.com/nvidia/llama-3_1-nemotron-nano-8b-v1,做通用文字生成、推理、工具呼叫、長文件理解與多步驟 agent 工作流，用於客服、研究、摘要、規劃與企業助理。,Chat / Responses 類 API,system prompt、user prompt、上下文文件、工具定義或程式碼片段,文字回答、程式碼 diff、工具呼叫參數、推理/摘要結果,1. 定義 agent 任務與工具邊界。2. 設計 prompt、工具 schema、記憶/上下文策略。3. 呼叫模型做規劃/工具選擇/回答。4. 對工具結果二次驗證。5. 上線前加 guardrail、logging、人工接管。,企業助理、研究助理、客服 agent、工作流自動化,先用 20-50 筆代表資料測 latency、準確率與成本，再決定雲端端點或自部署。,Download Available,(未標示),math; advanced reasoning; instruction following; function calling,Leading reasoning and agentic AI accuracy model for PC and edge.
33,94,LLM / Agent / 程式碼,通用推理 / 工具呼叫 Agent,nvidia,llama-3.3-nemotron-super-49b-v1,https://build.nvidia.com/nvidia/llama-3_3-nemotron-super-49b-v1,做通用文字生成、推理、工具呼叫、長文件理解與多步驟 agent 工作流，用於客服、研究、摘要、規劃與企業助理。,Chat / Responses 類 API,system prompt、user prompt、上下文文件、工具定義或程式碼片段,文字回答、程式碼 diff、工具呼叫參數、推理/摘要結果,1. 定義 agent 任務與工具邊界。2. 設計 prompt、工具 schema、記憶/上下文策略。3. 呼叫模型做規劃/工具選擇/回答。4. 對工具結果二次驗證。5. 上線前加 guardrail、logging、人工接管。,企業助理、研究助理、客服 agent、工作流自動化,先用 20-50 筆代表資料測 latency、準確率與成本，再決定雲端端點或自部署。,Download Available,(未標示),math; advanced reasoning; instruction following; function calling,"High efficiency model with leading accuracy for reasoning, tool calling, chat, and instruction following."
34,69,LLM / Agent / 程式碼,通用推理 / 工具呼叫 Agent,nvidia,llama-3.3-nemotron-super-49b-v1.5,https://build.nvidia.com/nvidia/llama-3_3-nemotron-super-49b-v1_5,做通用文字生成、推理、工具呼叫、長文件理解與多步驟 agent 工作流，用於客服、研究、摘要、規劃與企業助理。,Chat / Responses 類 API,system prompt、user prompt、上下文文件、工具定義或程式碼片段,文字回答、程式碼 diff、工具呼叫參數、推理/摘要結果,1. 定義 agent 任務與工具邊界。2. 設計 prompt、工具 schema、記憶/上下文策略。3. 呼叫模型做規劃/工具選擇/回答。4. 對工具結果二次驗證。5. 上線前加 guardrail、logging、人工接管。,企業助理、研究助理、客服 agent、工作流自動化,先用 20-50 筆代表資料測 latency、準確率與成本，再決定雲端端點或自部署。,Partner Endpoint; Download Available,(未標示),math; advanced reasoning; instruction following; function calling,"High efficiency model with leading accuracy for reasoning, tool calling, chat, and instruction following."
35,132,LLM / Agent / 程式碼,通用推理 / 工具呼叫 Agent,nvidia,nemotron-mini-4b-instruct,https://build.nvidia.com/nvidia/nemotron-mini-4b-instruct,做通用文字生成、推理、工具呼叫、長文件理解與多步驟 agent 工作流，用於客服、研究、摘要、規劃與企業助理。,Chat / Responses 類 API,system prompt、user prompt、上下文文件、工具定義或程式碼片段,文字回答、程式碼 diff、工具呼叫參數、推理/摘要結果,1. 定義 agent 任務與工具邊界。2. 設計 prompt、工具 schema、記憶/上下文策略。3. 呼叫模型做規劃/工具選擇/回答。4. 對工具結果二次驗證。5. 上線前加 guardrail、logging、人工接管。,企業助理、研究助理、客服 agent、工作流自動化,先用 20-50 筆代表資料測 latency、準確率與成本，再決定雲端端點或自部署。,Free Endpoint,(未標示),Chat; Text-to-Text; Language Generation,"Optimized SLM for on-device inference and fine-tuned for roleplay, RAG and function calling"
36,62,LLM / Agent / 程式碼,通用推理 / 工具呼叫 Agent,nvidia,nvidia-nemotron-nano-9b-v2,https://build.nvidia.com/nvidia/nvidia-nemotron-nano-9b-v2,做通用文字生成、推理、工具呼叫、長文件理解與多步驟 agent 工作流，用於客服、研究、摘要、規劃與企業助理。,Chat / Responses 類 API,system prompt、user prompt、上下文文件、工具定義或程式碼片段,文字回答、程式碼 diff、工具呼叫參數、推理/摘要結果,1. 定義 agent 任務與工具邊界。2. 設計 prompt、工具 schema、記憶/上下文策略。3. 呼叫模型做規劃/工具選擇/回答。4. 對工具結果二次驗證。5. 上線前加 guardrail、logging、人工接管。,企業助理、研究助理、客服 agent、工作流自動化,先用 20-50 筆代表資料測 latency、準確率與成本，再決定雲端端點或自部署。,Partner Endpoint; Download Available,(未標示),thinking budget; reasoning,"High‑efficiency LLM with hybrid Transformer‑Mamba design, excelling in reasoning and agentic tasks."
37,67,LLM / Agent / 程式碼,通用推理 / 工具呼叫 Agent,openai,gpt-oss-120b,https://build.nvidia.com/openai/gpt-oss-120b,做通用文字生成、推理、工具呼叫、長文件理解與多步驟 agent 工作流，用於客服、研究、摘要、規劃與企業助理。,Chat / Responses 類 API,system prompt、user prompt、上下文文件、工具定義或程式碼片段,文字回答、程式碼 diff、工具呼叫參數、推理/摘要結果,1. 定義 agent 任務與工具邊界。2. 設計 prompt、工具 schema、記憶/上下文策略。3. 呼叫模型做規劃/工具選擇/回答。4. 對工具結果二次驗證。5. 上線前加 guardrail、logging、人工接管。,企業助理、研究助理、客服 agent、工作流自動化,先用 20-50 筆代表資料測 latency、準確率與成本，再決定雲端端點或自部署。,Download Available; Partner Endpoint,(未標示),reasoning; text-to-text; chat; math,Mixture of Experts (MoE) reasoning LLM (text-only) designed to fit within 80GB GPU.
38,66,LLM / Agent / 程式碼,通用推理 / 工具呼叫 Agent,openai,gpt-oss-20b,https://build.nvidia.com/openai/gpt-oss-20b,做通用文字生成、推理、工具呼叫、長文件理解與多步驟 agent 工作流，用於客服、研究、摘要、規劃與企業助理。,Chat / Responses 類 API,system prompt、user prompt、上下文文件、工具定義或程式碼片段,文字回答、程式碼 diff、工具呼叫參數、推理/摘要結果,1. 定義 agent 任務與工具邊界。2. 設計 prompt、工具 schema、記憶/上下文策略。3. 呼叫模型做規劃/工具選擇/回答。4. 對工具結果二次驗證。5. 上線前加 guardrail、logging、人工接管。,企業助理、研究助理、客服 agent、工作流自動化,先用 20-50 筆代表資料測 latency、準確率與成本，再決定雲端端點或自部署。,Download Available; Partner Endpoint,(未標示),reasoning; text-to-text; chat; math,Smaller Mixture of Experts (MoE) text-only LLM for efficient AI reasoning and math
39,54,LLM / Agent / 程式碼,通用推理 / 工具呼叫 Agent,qwen,qwen3-next-80b-a3b-instruct,https://build.nvidia.com/qwen/qwen3-next-80b-a3b-instruct,做通用文字生成、推理、工具呼叫、長文件理解與多步驟 agent 工作流，用於客服、研究、摘要、規劃與企業助理。,Chat / Responses 類 API,system prompt、user prompt、上下文文件、工具定義或程式碼片段,文字回答、程式碼 diff、工具呼叫參數、推理/摘要結果,1. 定義 agent 任務與工具邊界。2. 設計 prompt、工具 schema、記憶/上下文策略。3. 呼叫模型做規劃/工具選擇/回答。4. 對工具結果二次驗證。5. 上線前加 guardrail、logging、人工接管。,企業助理、研究助理、客服 agent、工作流自動化,先用 20-50 筆代表資料測 latency、準確率與成本，再決定雲端端點或自部署。,Partner Endpoint; Download Available,(未標示),text-generation; agentic,"Qwen3-Next Instruct blends hybrid attention, sparse MoE, and stability boosts for ultra-long context AI."
40,55,LLM / Agent / 程式碼,通用推理 / 工具呼叫 Agent,qwen,qwen3-next-80b-a3b-thinking,https://build.nvidia.com/qwen/qwen3-next-80b-a3b-thinking,做通用文字生成、推理、工具呼叫、長文件理解與多步驟 agent 工作流，用於客服、研究、摘要、規劃與企業助理。,Chat / Responses 類 API,system prompt、user prompt、上下文文件、工具定義或程式碼片段,文字回答、程式碼 diff、工具呼叫參數、推理/摘要結果,1. 定義 agent 任務與工具邊界。2. 設計 prompt、工具 schema、記憶/上下文策略。3. 呼叫模型做規劃/工具選擇/回答。4. 對工具結果二次驗證。5. 上線前加 guardrail、logging、人工接管。,企業助理、研究助理、客服 agent、工作流自動化,先用 20-50 筆代表資料測 latency、準確率與成本，再決定雲端端點或自部署。,Partner Endpoint; Download Available,(未標示),Reasoning; Text-to-Text,"80B parameter AI model with hybrid reasoning, MoE architecture, support for 119 languages."
41,146,LLM / Agent / 程式碼,通用推理 / 工具呼叫 Agent,upstage,solar-10.7b-instruct,https://build.nvidia.com/upstage/solar-10_7b-instruct,做通用文字生成、推理、工具呼叫、長文件理解與多步驟 agent 工作流，用於客服、研究、摘要、規劃與企業助理。,Chat / Responses 類 API,system prompt、user prompt、上下文文件、工具定義或程式碼片段,文字回答、程式碼 diff、工具呼叫參數、推理/摘要結果,1. 定義 agent 任務與工具邊界。2. 設計 prompt、工具 schema、記憶/上下文策略。3. 呼叫模型做規劃/工具選擇/回答。4. 對工具結果二次驗證。5. 上線前加 guardrail、logging、人工接管。,企業助理、研究助理、客服 agent、工作流自動化,先用 20-50 筆代表資料測 latency、準確率與成本，再決定雲端端點或自部署。,Free Endpoint,(未標示),Non-Commercial Use Only; chat; Text-to-Text; Language Generation; Large Language Models,"Excels in NLP tasks, particularly in instruction-following, reasoning, and mathematics."
42,53,LLM / Agent / 程式碼,多語/主權語言 LLM,stockmark,stockmark-2-100b-instruct,https://build.nvidia.com/stockmark/stockmark-2-100b-instruct,理解日文企業文件與複雜商務內容，適合在地化知識助理、文件分析與企業搜尋。,Chat / Responses 類 API,system prompt、user prompt、上下文文件、工具定義或程式碼片段,文字回答、程式碼 diff、工具呼叫參數、推理/摘要結果,1. 收集目標語言文件與常見問題。2. 建立摘要/問答/分類 prompt。3. 接入企業文件搜尋或 RAG。4. 用在地語言測試集驗證回答品質。5. 導入客服或知識助理。,企業知識助理、客服、文件分析平台,先用 20-50 筆代表資料測 latency、準確率與成本，再決定雲端端點或自部署。,Download Available,(未標示),sovereign ai; japanese; stockmark; large language model,Japanese-specialized large-language-model for enterprises to read and understand complex business documents.
43,147,RAG 與檢索,文字 Embedding,baai,bge-m3,https://build.nvidia.com/baai/bge-m3,把文字或文件轉成向量，建立語意搜尋、RAG 知識庫、相似度比對與跨語言檢索。,Embedding API,文件段落、查詢文字、程式碼片段，或圖像/文字多模態資料,向量 embedding,1. 清理並切分文件。2. 呼叫 embedding 模型產生向量。3. 寫入 vector DB。4. 查詢時把問題也轉向量。5. 取回 top-k 文件給 LLM 生成答案。,企業搜尋、知識庫問答、客服 RAG、code search,先用 20-50 筆代表資料測 latency、準確率與成本，再決定雲端端點或自部署。,Partner Endpoint; Download Available,Text-to-Embedding; Retrieval Augmented Generation,Embeddings; Retrieval Augmented Generation,"Embedding model for text retrieval tasks, excelling in dense, multi-vector, and sparse retrieval."
44,115,RAG 與檢索,文字 Embedding,nvidia,llama-3.2-nv-embedqa-1b-v2,https://build.nvidia.com/nvidia/llama-3_2-nv-embedqa-1b-v2,把文字或文件轉成向量，建立語意搜尋、RAG 知識庫、相似度比對與跨語言檢索。,Embedding API,文件段落、查詢文字、程式碼片段，或圖像/文字多模態資料,向量 embedding,1. 清理並切分文件。2. 呼叫 embedding 模型產生向量。3. 寫入 vector DB。4. 查詢時把問題也轉向量。5. 取回 top-k 文件給 LLM 生成答案。,企業搜尋、知識庫問答、客服 RAG、code search,先用 20-50 筆代表資料測 latency、準確率與成本，再決定雲端端點或自部署。,Download Available,Text-to-Embedding; Retrieval Augmented Generation,nemo retriever; embedding,Multilingual and cross-lingual text question-answering retrieval with long context support and optimized data storage efficiency.
45,71,RAG 與檢索,文字 Embedding,nvidia,llama-3_2-nemoretriever-300m-embed-v1,https://build.nvidia.com/nvidia/llama-3_2-nemoretriever-300m-embed-v1,把文字或文件轉成向量，建立語意搜尋、RAG 知識庫、相似度比對與跨語言檢索。,Embedding API,文件段落、查詢文字、程式碼片段，或圖像/文字多模態資料,向量 embedding,1. 清理並切分文件。2. 呼叫 embedding 模型產生向量。3. 寫入 vector DB。4. 查詢時把問題也轉向量。5. 取回 top-k 文件給 LLM 生成答案。,企業搜尋、知識庫問答、客服 RAG、code search,先用 20-50 筆代表資料測 latency、準確率與成本，再決定雲端端點或自部署。,Free Endpoint,Text-to-Embedding; Retrieval Augmented Generation,NeMo Retriever,"Multilingual, cross-lingual embedding model for long-document QA retrieval, supporting 26 languages."
46,52,RAG 與檢索,文字 Embedding,nvidia,llama-3_2-nemoretriever-300m-embed-v2,https://build.nvidia.com/nvidia/llama-3_2-nemoretriever-300m-embed-v2,把文字或文件轉成向量，建立語意搜尋、RAG 知識庫、相似度比對與跨語言檢索。,Embedding API,文件段落、查詢文字、程式碼片段，或圖像/文字多模態資料,向量 embedding,1. 清理並切分文件。2. 呼叫 embedding 模型產生向量。3. 寫入 vector DB。4. 查詢時把問題也轉向量。5. 取回 top-k 文件給 LLM 生成答案。,企業搜尋、知識庫問答、客服 RAG、code search,先用 20-50 筆代表資料測 latency、準確率與成本，再決定雲端端點或自部署。,Download Available,Text-to-Embedding; Retrieval Augmented Generation,NeMo Retriever,"Multilingual, cross-lingual embedding model for long-document QA retrieval, supporting 26 languages."
47,30,RAG 與檢索,文字 Embedding,nvidia,llama-nemotron-embed-1b-v2,https://build.nvidia.com/nvidia/llama-nemotron-embed-1b-v2,把文字或文件轉成向量，建立語意搜尋、RAG 知識庫、相似度比對與跨語言檢索。,Embedding API,文件段落、查詢文字、程式碼片段，或圖像/文字多模態資料,向量 embedding,1. 清理並切分文件。2. 呼叫 embedding 模型產生向量。3. 寫入 vector DB。4. 查詢時把問題也轉向量。5. 取回 top-k 文件給 LLM 生成答案。,企業搜尋、知識庫問答、客服 RAG、code search,先用 20-50 筆代表資料測 latency、準確率與成本，再決定雲端端點或自部署。,Download Available,Text-to-Embedding; Retrieval Augmented Generation,NeMo Retriever,"Multilingual, cross-lingual embedding model for long-document QA retrieval, supporting 26 languages."
48,145,RAG 與檢索,文字 Embedding,nvidia,nv-embed-v1,https://build.nvidia.com/nvidia/nv-embed-v1,把文字或文件轉成向量，建立語意搜尋、RAG 知識庫、相似度比對與跨語言檢索。,Embedding API,文件段落、查詢文字、程式碼片段，或圖像/文字多模態資料,向量 embedding,1. 清理並切分文件。2. 呼叫 embedding 模型產生向量。3. 寫入 vector DB。4. 查詢時把問題也轉向量。5. 取回 top-k 文件給 LLM 生成答案。,企業搜尋、知識庫問答、客服 RAG、code search,先用 20-50 筆代表資料測 latency、準確率與成本，再決定雲端端點或自部署。,Free Endpoint,Text-to-Embedding; Retrieval Augmented Generation,Non-Commercial Use Only,Generates high-quality numerical embeddings from text inputs.
49,142,RAG 與檢索,文字 Embedding,nvidia,nv-embedqa-e5-v5,https://build.nvidia.com/nvidia/nv-embedqa-e5-v5,把文字或文件轉成向量，建立語意搜尋、RAG 知識庫、相似度比對與跨語言檢索。,Embedding API,文件段落、查詢文字、程式碼片段，或圖像/文字多模態資料,向量 embedding,1. 清理並切分文件。2. 呼叫 embedding 模型產生向量。3. 寫入 vector DB。4. 查詢時把問題也轉向量。5. 取回 top-k 文件給 LLM 生成答案。,企業搜尋、知識庫問答、客服 RAG、code search,先用 20-50 筆代表資料測 latency、準確率與成本，再決定雲端端點或自部署。,Download Available,Text-to-Embedding; Retrieval Augmented Generation,Embedding; run-on-rtx; Nemo retriever,English text embedding model for question-answering retrieval.
50,35,RAG 與檢索,多模態 Embedding,nvidia,llama-nemotron-embed-vl-1b-v2,https://build.nvidia.com/nvidia/llama-nemotron-embed-vl-1b-v2,把圖片與文字映射到同一語意空間，支援跨模態搜尋與圖片/文字檢索。,Embedding API,文件段落、查詢文字、程式碼片段，或圖像/文字多模態資料,向量 embedding,1. 清理並切分文件。2. 呼叫 embedding 模型產生向量。3. 寫入 vector DB。4. 查詢時把問題也轉向量。5. 取回 top-k 文件給 LLM 生成答案。,企業搜尋、知識庫問答、客服 RAG、code search,先用 20-50 筆代表資料測 latency、準確率與成本，再決定雲端端點或自部署。,Partner Endpoint; Download Available,Text-to-Embedding; Retrieval Augmented Generation,nemo retriever; embedding,Multimodal question-answer retrieval representing user queries as text and documents as images.
51,144,RAG 與檢索,多模態 Embedding,nvidia,nvclip,https://build.nvidia.com/nvidia/nvclip,把圖片與文字映射到同一語意空間，支援跨模態搜尋與圖片/文字檢索。,Embedding API,文件段落、查詢文字、程式碼片段，或圖像/文字多模態資料,向量 embedding,1. 清理並切分文件。2. 呼叫 embedding 模型產生向量。3. 寫入 vector DB。4. 查詢時把問題也轉向量。5. 取回 top-k 文件給 LLM 生成答案。,企業搜尋、知識庫問答、客服 RAG、code search,先用 20-50 筆代表資料測 latency、準確率與成本，再決定雲端端點或自部署。,Download Available,(未標示),Computer vision; multimodal embeddings; text and image; Run-on-rtx,NV-CLIP is a multimodal embeddings model for image and text.
52,97,RAG 與檢索,程式碼檢索 Embedding,nvidia,nv-embedcode-7b-v1,https://build.nvidia.com/nvidia/nv-embedcode-7b-v1,把程式碼與文字查詢轉成向量，支援 code search、相似程式片段搜尋與工程知識庫。,Embedding API,文件段落、查詢文字、程式碼片段，或圖像/文字多模態資料,向量 embedding,1. 清理並切分文件。2. 呼叫 embedding 模型產生向量。3. 寫入 vector DB。4. 查詢時把問題也轉向量。5. 取回 top-k 文件給 LLM 生成答案。,企業搜尋、知識庫問答、客服 RAG、code search,先用 20-50 筆代表資料測 latency、準確率與成本，再決定雲端端點或自部署。,Free Endpoint,Retrieval Augmented Generation,nemo retriever; Embedding,"The NV-EmbedCode model is a 7B Mistral-based embedding model optimized for code retrieval, supporting text, code, and hybrid queries."
53,79,RAG 與檢索,Reranker / 重排序,nvidia,llama-3.2-nemoretriever-500m-rerank-v2,https://build.nvidia.com/nvidia/llama-3_2-nemoretriever-500m-rerank-v2,替 RAG 搜尋結果重新排序，判斷段落是否能回答問題，提高企業知識庫問答準確率。,Rerank API,使用者 query + 候選 passages/documents 清單,每個 passage 的 relevance score / 排序結果,1. 先用 BM25/向量搜尋取回 top-k。2. 呼叫 reranker 對候選段落評分。3. 取前 n 段交給 LLM。4. 回答時保留來源引用。5. 追蹤命中率與人工回饋。,RAG 第二階段排序、搜尋結果精排、客服知識庫,先用 20-50 筆代表資料測 latency、準確率與成本，再決定雲端端點或自部署。,Download Available,Retrieval Augmented Generation,nemo retriever; reranking,GPU-accelerated model optimized for providing a probability score that a given passage contains the information to answer a question.
54,116,RAG 與檢索,Reranker / 重排序,nvidia,llama-3.2-nv-rerankqa-1b-v2,https://build.nvidia.com/nvidia/llama-3_2-nv-rerankqa-1b-v2,替 RAG 搜尋結果重新排序，判斷段落是否能回答問題，提高企業知識庫問答準確率。,Rerank API,使用者 query + 候選 passages/documents 清單,每個 passage 的 relevance score / 排序結果,1. 先用 BM25/向量搜尋取回 top-k。2. 呼叫 reranker 對候選段落評分。3. 取前 n 段交給 LLM。4. 回答時保留來源引用。5. 追蹤命中率與人工回饋。,RAG 第二階段排序、搜尋結果精排、客服知識庫,先用 20-50 筆代表資料測 latency、準確率與成本，再決定雲端端點或自部署。,Download Available,Retrieval Augmented Generation,nemo retriever; reranking,"Fine-tuned reranking model for multilingual, cross-lingual text question-answering retrieval, with long context support."
55,25,RAG 與檢索,Reranker / 重排序,nvidia,llama-nemotron-rerank-1b-v2,https://build.nvidia.com/nvidia/llama-nemotron-rerank-1b-v2,替 RAG 搜尋結果重新排序，判斷段落是否能回答問題，提高企業知識庫問答準確率。,Rerank API,使用者 query + 候選 passages/documents 清單,每個 passage 的 relevance score / 排序結果,1. 先用 BM25/向量搜尋取回 top-k。2. 呼叫 reranker 對候選段落評分。3. 取前 n 段交給 LLM。4. 回答時保留來源引用。5. 追蹤命中率與人工回饋。,RAG 第二階段排序、搜尋結果精排、客服知識庫,先用 20-50 筆代表資料測 latency、準確率與成本，再決定雲端端點或自部署。,Download Available,Retrieval Augmented Generation,nemo retriever; reranking,GPU-accelerated model optimized for providing a probability score that a given passage contains the information to answer a question.
56,18,RAG 與檢索,Reranker / 重排序,nvidia,llama-nemotron-rerank-vl-1b-v2,https://build.nvidia.com/nvidia/llama-nemotron-rerank-vl-1b-v2,替 RAG 搜尋結果重新排序，判斷段落是否能回答問題，提高企業知識庫問答準確率。,Rerank API,使用者 query + 候選 passages/documents 清單,每個 passage 的 relevance score / 排序結果,1. 先用 BM25/向量搜尋取回 top-k。2. 呼叫 reranker 對候選段落評分。3. 取前 n 段交給 LLM。4. 回答時保留來源引用。5. 追蹤命中率與人工回饋。,RAG 第二階段排序、搜尋結果精排、客服知識庫,先用 20-50 筆代表資料測 latency、準確率與成本，再決定雲端端點或自部署。,Partner Endpoint; Download Available,Retrieval Augmented Generation,nemo retriever; reranking,GPU-accelerated model optimized for providing a probability score that a given passage contains the information to answer a question.
57,151,RAG 與檢索,Reranker / 重排序,nvidia,rerank-qa-mistral-4b,https://build.nvidia.com/nvidia/rerank-qa-mistral-4b,替 RAG 搜尋結果重新排序，判斷段落是否能回答問題，提高企業知識庫問答準確率。,Rerank API,使用者 query + 候選 passages/documents 清單,每個 passage 的 relevance score / 排序結果,1. 先用 BM25/向量搜尋取回 top-k。2. 呼叫 reranker 對候選段落評分。3. 取前 n 段交給 LLM。4. 回答時保留來源引用。5. 追蹤命中率與人工回饋。,RAG 第二階段排序、搜尋結果精排、客服知識庫,先用 20-50 筆代表資料測 latency、準確率與成本，再決定雲端端點或自部署。,Free Endpoint,Retrieval Augmented Generation,Ranking; Retrieval Augmented Generation,GPU-accelerated model optimized for providing a probability score that a given passage contains the information to answer a question.
58,120,文件理解與資料擷取,OCR / 文件解析,baidu,paddleocr,https://build.nvidia.com/baidu/paddleocr,從掃描文件、圖片或頁面擷取文字、表格、版面與中繼資料，適合文件理解與 RAG 前處理。,Vision / Document Extraction API,PDF 頁面截圖、掃描圖、表格圖片、文件影像,文字、表格、bbox、版面元素、圖表/標題偵測結果,1. 將 PDF 轉成頁面圖片或直接上傳圖片。2. 呼叫 OCR/parse 模型抽文字、表格與版面。3. 將結果正規化成 Markdown/JSON。4. 切段後送入 RAG。5. 對表格與關鍵欄位做抽樣校驗。,文件 ingestion pipeline、PDF RAG、財報/合約/報表解析,先用 20-50 筆代表資料測 latency、準確率與成本，再決定雲端端點或自部署。,Download Available,(未標示),Optical Character Recognition; Table Extraction; Optical Character Detection; nemo retriever; data ingestion; run-on-rtx,"Model for table extraction that receives an image as input, runs OCR on the image, and returns the text within the image and its bounding boxes."
59,72,文件理解與資料擷取,OCR / 文件解析,nvidia,nemoretriever-ocr,https://build.nvidia.com/nvidia/nemoretriever-ocr,從掃描文件、圖片或頁面擷取文字、表格、版面與中繼資料，適合文件理解與 RAG 前處理。,Vision / Document Extraction API,PDF 頁面截圖、掃描圖、表格圖片、文件影像,文字、表格、bbox、版面元素、圖表/標題偵測結果,1. 將 PDF 轉成頁面圖片或直接上傳圖片。2. 呼叫 OCR/parse 模型抽文字、表格與版面。3. 將結果正規化成 Markdown/JSON。4. 切段後送入 RAG。5. 對表格與關鍵欄位做抽樣校驗。,文件 ingestion pipeline、PDF RAG、財報/合約/報表解析,先用 20-50 筆代表資料測 latency、準確率與成本，再決定雲端端點或自部署。,Download Available,Optical Character Recognition,Table Extraction; nemo retriever; data ingestion; extraction,"Powerful OCR model for fast, accurate real-world image text extraction, layout, and structure analysis."
60,65,文件理解與資料擷取,OCR / 文件解析,nvidia,nemoretriever-ocr-v1,https://build.nvidia.com/nvidia/nemoretriever-ocr-v1,從掃描文件、圖片或頁面擷取文字、表格、版面與中繼資料，適合文件理解與 RAG 前處理。,Vision / Document Extraction API,PDF 頁面截圖、掃描圖、表格圖片、文件影像,文字、表格、bbox、版面元素、圖表/標題偵測結果,1. 將 PDF 轉成頁面圖片或直接上傳圖片。2. 呼叫 OCR/parse 模型抽文字、表格與版面。3. 將結果正規化成 Markdown/JSON。4. 切段後送入 RAG。5. 對表格與關鍵欄位做抽樣校驗。,文件 ingestion pipeline、PDF RAG、財報/合約/報表解析,先用 20-50 筆代表資料測 latency、準確率與成本，再決定雲端端點或自部署。,Download Available,Optical Character Recognition,Table Extraction; nemo retriever; data ingestion; extraction,"Powerful OCR model for fast, accurate real-world image text extraction, layout, and structure analysis."
61,104,文件理解與資料擷取,OCR / 文件解析,nvidia,nemoretriever-parse,https://build.nvidia.com/nvidia/nemoretriever-parse,從掃描文件、圖片或頁面擷取文字、表格、版面與中繼資料，適合文件理解與 RAG 前處理。,Vision / Document Extraction API,PDF 頁面截圖、掃描圖、表格圖片、文件影像,文字、表格、bbox、版面元素、圖表/標題偵測結果,1. 將 PDF 轉成頁面圖片或直接上傳圖片。2. 呼叫 OCR/parse 模型抽文字、表格與版面。3. 將結果正規化成 Markdown/JSON。4. 切段後送入 RAG。5. 對表格與關鍵欄位做抽樣校驗。,文件 ingestion pipeline、PDF RAG、財報/合約/報表解析,先用 20-50 筆代表資料測 latency、準確率與成本，再決定雲端端點或自部署。,Download Available,(未標示),optical character recognition; nemo retriever; data ingestion; table extraction; supported language - english,Cutting-edge vision-language model exceling in retrieving text and metadata from images.
62,23,文件理解與資料擷取,OCR / 文件解析,nvidia,nemotron-ocr-v1,https://build.nvidia.com/nvidia/nemotron-ocr-v1,從掃描文件、圖片或頁面擷取文字、表格、版面與中繼資料，適合文件理解與 RAG 前處理。,Vision / Document Extraction API,PDF 頁面截圖、掃描圖、表格圖片、文件影像,文字、表格、bbox、版面元素、圖表/標題偵測結果,1. 將 PDF 轉成頁面圖片或直接上傳圖片。2. 呼叫 OCR/parse 模型抽文字、表格與版面。3. 將結果正規化成 Markdown/JSON。4. 切段後送入 RAG。5. 對表格與關鍵欄位做抽樣校驗。,文件 ingestion pipeline、PDF RAG、財報/合約/報表解析,先用 20-50 筆代表資料測 latency、準確率與成本，再決定雲端端點或自部署。,Download Available,Optical Character Recognition,Table Extraction; nemo retriever; data ingestion; extraction,"Powerful OCR model for fast, accurate real-world image text extraction, layout, and structure analysis."
63,47,文件理解與資料擷取,OCR / 文件解析,nvidia,nemotron-parse,https://build.nvidia.com/nvidia/nemotron-parse,從掃描文件、圖片或頁面擷取文字、表格、版面與中繼資料，適合文件理解與 RAG 前處理。,Vision / Document Extraction API,PDF 頁面截圖、掃描圖、表格圖片、文件影像,文字、表格、bbox、版面元素、圖表/標題偵測結果,1. 將 PDF 轉成頁面圖片或直接上傳圖片。2. 呼叫 OCR/parse 模型抽文字、表格與版面。3. 將結果正規化成 Markdown/JSON。4. 切段後送入 RAG。5. 對表格與關鍵欄位做抽樣校驗。,文件 ingestion pipeline、PDF RAG、財報/合約/報表解析,先用 20-50 筆代表資料測 latency、準確率與成本，再決定雲端端點或自部署。,Download Available,(未標示),text and table extraction; document parsing; supported language - english,Cutting-edge vision-language model exceling in retrieving text and metadata from images.
64,99,文件理解與資料擷取,版面/表格/圖表偵測,nvidia,nemoretriever-graphic-elements-v1,https://build.nvidia.com/nvidia/nemoretriever-graphic-elements-v1,偵測文件中的表格、圖表、標題與頁面元素，將 PDF/圖片切成可檢索結構。,Vision / Document Extraction API,PDF 頁面截圖、掃描圖、表格圖片、文件影像,文字、表格、bbox、版面元素、圖表/標題偵測結果,1. 將文件頁面轉成圖片。2. 呼叫版面偵測模型找表格、圖表、標題、區塊。3. 依 bbox 裁切或建立閱讀順序。4. 接 OCR/parse 抽內容。5. 寫入文件索引或資料庫。,文件 ingestion pipeline、PDF RAG、財報/合約/報表解析,先用 20-50 筆代表資料測 latency、準確率與成本，再決定雲端端點或自部署。,Download Available,Object Detection,Object Detection; Chart Detection; nemo retriever; Table Detection; data ingestion,"Model for object detection, fine-tuned to detect charts, tables, and titles in documents."
65,100,文件理解與資料擷取,版面/表格/圖表偵測,nvidia,nemoretriever-page-elements-v2,https://build.nvidia.com/nvidia/nemoretriever-page-elements-v2,偵測文件中的表格、圖表、標題與頁面元素，將 PDF/圖片切成可檢索結構。,Vision / Document Extraction API,PDF 頁面截圖、掃描圖、表格圖片、文件影像,文字、表格、bbox、版面元素、圖表/標題偵測結果,1. 將文件頁面轉成圖片。2. 呼叫版面偵測模型找表格、圖表、標題、區塊。3. 依 bbox 裁切或建立閱讀順序。4. 接 OCR/parse 抽內容。5. 寫入文件索引或資料庫。,文件 ingestion pipeline、PDF RAG、財報/合約/報表解析,先用 20-50 筆代表資料測 latency、準確率與成本，再決定雲端端點或自部署。,Download Available,Object Detection,Object Detection; Chart Detection; nemo retriever; Table Detection; data ingestion; run-on-rtx,"Model for object detection, fine-tuned to detect charts, tables, and titles in documents."
66,39,文件理解與資料擷取,版面/表格/圖表偵測,nvidia,nemoretriever-page-elements-v3,https://build.nvidia.com/nvidia/nemoretriever-page-elements-v3,偵測文件中的表格、圖表、標題與頁面元素，將 PDF/圖片切成可檢索結構。,Vision / Document Extraction API,PDF 頁面截圖、掃描圖、表格圖片、文件影像,文字、表格、bbox、版面元素、圖表/標題偵測結果,1. 將文件頁面轉成圖片。2. 呼叫版面偵測模型找表格、圖表、標題、區塊。3. 依 bbox 裁切或建立閱讀順序。4. 接 OCR/parse 抽內容。5. 寫入文件索引或資料庫。,文件 ingestion pipeline、PDF RAG、財報/合約/報表解析,先用 20-50 筆代表資料測 latency、準確率與成本，再決定雲端端點或自部署。,Download Available,Object Detection,Object Detection; Chart Detection; nemo retriever; Table Detection; data ingestion,"Model for object detection, fine-tuned to detect charts, tables, and titles in documents."
67,98,文件理解與資料擷取,版面/表格/圖表偵測,nvidia,nemoretriever-table-structure-v1,https://build.nvidia.com/nvidia/nemoretriever-table-structure-v1,偵測文件中的表格、圖表、標題與頁面元素，將 PDF/圖片切成可檢索結構。,Vision / Document Extraction API,PDF 頁面截圖、掃描圖、表格圖片、文件影像,文字、表格、bbox、版面元素、圖表/標題偵測結果,1. 將文件頁面轉成圖片。2. 呼叫版面偵測模型找表格、圖表、標題、區塊。3. 依 bbox 裁切或建立閱讀順序。4. 接 OCR/parse 抽內容。5. 寫入文件索引或資料庫。,文件 ingestion pipeline、PDF RAG、財報/合約/報表解析,先用 20-50 筆代表資料測 latency、準確率與成本，再決定雲端端點或自部署。,Download Available,Object Detection,Object Detection; Chart Detection; nemo retriever; Table Detection; data ingestion,"Model for object detection, fine-tuned to detect charts, tables, and titles in documents."
68,29,文件理解與資料擷取,版面/表格/圖表偵測,nvidia,nemotron-graphic-elements-v1,https://build.nvidia.com/nvidia/nemotron-graphic-elements-v1,偵測文件中的表格、圖表、標題與頁面元素，將 PDF/圖片切成可檢索結構。,Vision / Document Extraction API,PDF 頁面截圖、掃描圖、表格圖片、文件影像,文字、表格、bbox、版面元素、圖表/標題偵測結果,1. 將文件頁面轉成圖片。2. 呼叫版面偵測模型找表格、圖表、標題、區塊。3. 依 bbox 裁切或建立閱讀順序。4. 接 OCR/parse 抽內容。5. 寫入文件索引或資料庫。,文件 ingestion pipeline、PDF RAG、財報/合約/報表解析,先用 20-50 筆代表資料測 latency、準確率與成本，再決定雲端端點或自部署。,Download Available,Object Detection,Object Detection; Chart Detection; nemo retriever; Table Detection; data ingestion,"Model for object detection, fine-tuned to detect charts, tables, and titles in documents."
69,28,文件理解與資料擷取,版面/表格/圖表偵測,nvidia,nemotron-page-elements-v3,https://build.nvidia.com/nvidia/nemotron-page-elements-v3,偵測文件中的表格、圖表、標題與頁面元素，將 PDF/圖片切成可檢索結構。,Vision / Document Extraction API,PDF 頁面截圖、掃描圖、表格圖片、文件影像,文字、表格、bbox、版面元素、圖表/標題偵測結果,1. 將文件頁面轉成圖片。2. 呼叫版面偵測模型找表格、圖表、標題、區塊。3. 依 bbox 裁切或建立閱讀順序。4. 接 OCR/parse 抽內容。5. 寫入文件索引或資料庫。,文件 ingestion pipeline、PDF RAG、財報/合約/報表解析,先用 20-50 筆代表資料測 latency、準確率與成本，再決定雲端端點或自部署。,Download Available,Object Detection,Object Detection; Chart Detection; Table Detection; data ingestion,"Model for object detection, fine-tuned to detect charts, tables, and titles in documents."
70,27,文件理解與資料擷取,版面/表格/圖表偵測,nvidia,nemotron-table-structure-v1,https://build.nvidia.com/nvidia/nemotron-table-structure-v1,偵測文件中的表格、圖表、標題與頁面元素，將 PDF/圖片切成可檢索結構。,Vision / Document Extraction API,PDF 頁面截圖、掃描圖、表格圖片、文件影像,文字、表格、bbox、版面元素、圖表/標題偵測結果,1. 將文件頁面轉成圖片。2. 呼叫版面偵測模型找表格、圖表、標題、區塊。3. 依 bbox 裁切或建立閱讀順序。4. 接 OCR/parse 抽內容。5. 寫入文件索引或資料庫。,文件 ingestion pipeline、PDF RAG、財報/合約/報表解析,先用 20-50 筆代表資料測 latency、準確率與成本，再決定雲端端點或自部署。,Download Available,Object Detection,Object Detection; Chart Detection; nemo retriever; Table Detection; data ingestion,"Model for object detection, fine-tuned to detect charts, tables, and titles in documents."
71,119,文件理解與資料擷取,版面/表格/圖表偵測,nvidia,nv-yolox-page-elements-v1,https://build.nvidia.com/nvidia/nv-yolox-page-elements-v1,偵測文件中的表格、圖表、標題與頁面元素，將 PDF/圖片切成可檢索結構。,Vision / Document Extraction API,PDF 頁面截圖、掃描圖、表格圖片、文件影像,文字、表格、bbox、版面元素、圖表/標題偵測結果,1. 將文件頁面轉成圖片。2. 呼叫版面偵測模型找表格、圖表、標題、區塊。3. 依 bbox 裁切或建立閱讀順序。4. 接 OCR/parse 抽內容。5. 寫入文件索引或資料庫。,文件 ingestion pipeline、PDF RAG、財報/合約/報表解析,先用 20-50 筆代表資料測 latency、準確率與成本，再決定雲端端點或自部署。,Download Available,(未標示),Object Detection; Data ingestion; Chart Detection; nemo retriever; Table Detection; run-on-rtx,"Model for object detection, fine-tuned to detect charts, tables, and titles in documents."
72,103,多模態理解,圖像/影片問答,google,gemma-3-27b-it,https://build.nvidia.com/google/gemma-3-27b-it,理解圖片或影片內容並回答問題/產生描述，適合視覺問答、圖表理解與內容分析。,Multimodal / Vision-Language API,圖片、影片幀、音訊片段、文字問題或多模態 prompt,圖片/影片描述、視覺問答、表格/圖表解讀、情境推理結果,1. 準備圖片/影片幀/音訊與問題。2. 呼叫多模態模型做描述或問答。3. 將輸出結構化成 JSON/文字。4. 對高風險場景加人工複核。5. 接到搜尋、客服或審核流程。,視覺問答、影片分析、圖表理解、多模態 agent,先用 20-50 筆代表資料測 latency、準確率與成本，再決定雲端端點或自部署。,Partner Endpoint; Free Endpoint,Image-to-Text,Vision Assistant; Visual Question Answering; Language Generation,Cutting-edge open multimodal model exceling in high-quality reasoning from images.
73,149,多模態理解,圖像/影片問答,google,paligemma,https://build.nvidia.com/google/google-paligemma,理解圖片或影片內容並回答問題/產生描述，適合視覺問答、圖表理解與內容分析。,Multimodal / Vision-Language API,圖片、影片幀、音訊片段、文字問題或多模態 prompt,圖片/影片描述、視覺問答、表格/圖表解讀、情境推理結果,1. 準備圖片/影片幀/音訊與問題。2. 呼叫多模態模型做描述或問答。3. 將輸出結構化成 JSON/文字。4. 對高風險場景加人工複核。5. 接到搜尋、客服或審核流程。,視覺問答、影片分析、圖表理解、多模態 agent,先用 20-50 筆代表資料測 latency、準確率與成本，再決定雲端端點或自部署。,Free Endpoint,Image-to-Text,image; cv; Vision Assistant; vlm; Visual Question Answering; computer vision,Vision language model adept at comprehending text and visual inputs to produce informative responses
74,125,多模態理解,圖像/影片問答,meta,llama-3.2-11b-vision-instruct,https://build.nvidia.com/meta/llama-3.2-11b-vision-instruct,理解圖片或影片內容並回答問題/產生描述，適合視覺問答、圖表理解與內容分析。,Multimodal / Vision-Language API,圖片、影片幀、音訊片段、文字問題或多模態 prompt,圖片/影片描述、視覺問答、表格/圖表解讀、情境推理結果,1. 準備圖片/影片幀/音訊與問題。2. 呼叫多模態模型做描述或問答。3. 將輸出結構化成 JSON/文字。4. 對高風險場景加人工複核。5. 接到搜尋、客服或審核流程。,視覺問答、影片分析、圖表理解、多模態 agent,先用 20-50 筆代表資料測 latency、準確率與成本，再決定雲端端點或自部署。,Download Available; Partner Endpoint,Image-to-Text,Image-Text Retrieval; Visual QA; Image Captioning; Visual Grounding,Cutting-edge vision-language model exceling in high-quality reasoning from images.
75,126,多模態理解,圖像/影片問答,meta,llama-3.2-90b-vision-instruct,https://build.nvidia.com/meta/llama-3.2-90b-vision-instruct,理解圖片或影片內容並回答問題/產生描述，適合視覺問答、圖表理解與內容分析。,Multimodal / Vision-Language API,圖片、影片幀、音訊片段、文字問題或多模態 prompt,圖片/影片描述、視覺問答、表格/圖表解讀、情境推理結果,1. 準備圖片/影片幀/音訊與問題。2. 呼叫多模態模型做描述或問答。3. 將輸出結構化成 JSON/文字。4. 對高風險場景加人工複核。5. 接到搜尋、客服或審核流程。,視覺問答、影片分析、圖表理解、多模態 agent,先用 20-50 筆代表資料測 latency、準確率與成本，再決定雲端端點或自部署。,Partner Endpoint; Download Available,Image-to-Text,Image-Text Retrieval; Visual QA; image captioning; Visual Grounding,Cutting-edge vision-Language model exceling in high-quality reasoning from images.
76,90,多模態理解,圖像/影片問答,meta,llama-4-maverick-17b-128e-instruct,https://build.nvidia.com/meta/llama-4-maverick-17b-128e-instruct,理解圖片或影片內容並回答問題/產生描述，適合視覺問答、圖表理解與內容分析。,Multimodal / Vision-Language API,圖片、影片幀、音訊片段、文字問題或多模態 prompt,圖片/影片描述、視覺問答、表格/圖表解讀、情境推理結果,1. 準備圖片/影片幀/音訊與問題。2. 呼叫多模態模型做描述或問答。3. 將輸出結構化成 JSON/文字。4. 對高風險場景加人工複核。5. 接到搜尋、客服或審核流程。,視覺問答、影片分析、圖表理解、多模態 agent,先用 20-50 筆代表資料測 latency、準確率與成本，再決定雲端端點或自部署。,Free Endpoint,Image-to-Text,language generation; vision assistant; visual question answering,"A general purpose multimodal, multilingual 128 MoE model with 17B parameters."
77,45,多模態理解,圖像/影片問答,mistralai,ministral-14b-instruct-2512,https://build.nvidia.com/mistralai/ministral-14b-instruct-2512,理解圖片或影片內容並回答問題/產生描述，適合視覺問答、圖表理解與內容分析。,Multimodal / Vision-Language API,圖片、影片幀、音訊片段、文字問題或多模態 prompt,圖片/影片描述、視覺問答、表格/圖表解讀、情境推理結果,1. 準備圖片/影片幀/音訊與問題。2. 呼叫多模態模型做描述或問答。3. 將輸出結構化成 JSON/文字。4. 對高風險場景加人工複核。5. 接到搜尋、客服或審核流程。,視覺問答、影片分析、圖表理解、多模態 agent,先用 20-50 筆代表資料測 latency、準確率與成本，再決定雲端端點或自部署。,Download Available,Image-to-Text,language generation; SLM; multimodal,A general purpose VLM ideal for chat and instruction based use cases
78,44,多模態理解,圖像/影片問答,mistralai,mistral-large-3-675b-instruct-2512,https://build.nvidia.com/mistralai/mistral-large-3-675b-instruct-2512,理解圖片或影片內容並回答問題/產生描述，適合視覺問答、圖表理解與內容分析。,Multimodal / Vision-Language API,圖片、影片幀、音訊片段、文字問題或多模態 prompt,圖片/影片描述、視覺問答、表格/圖表解讀、情境推理結果,1. 準備圖片/影片幀/音訊與問題。2. 呼叫多模態模型做描述或問答。3. 將輸出結構化成 JSON/文字。4. 對高風險場景加人工複核。5. 接到搜尋、客服或審核流程。,視覺問答、影片分析、圖表理解、多模態 agent,先用 20-50 筆代表資料測 latency、準確率與成本，再決定雲端端點或自部署。,Partner Endpoint; Free Endpoint,Image-to-Text,language generation; multimodal; agentic,"A state-of-the-art general purpose MoE VLM ideal for chat, agentic and instruction based use cases."
79,87,多模態理解,圖像/影片問答,mistralai,mistral-medium-3-instruct,https://build.nvidia.com/mistralai/mistral-medium-3-instruct,理解圖片或影片內容並回答問題/產生描述，適合視覺問答、圖表理解與內容分析。,Multimodal / Vision-Language API,圖片、影片幀、音訊片段、文字問題或多模態 prompt,圖片/影片描述、視覺問答、表格/圖表解讀、情境推理結果,1. 準備圖片/影片幀/音訊與問題。2. 呼叫多模態模型做描述或問答。3. 將輸出結構化成 JSON/文字。4. 對高風險場景加人工複核。5. 接到搜尋、客服或審核流程。,視覺問答、影片分析、圖表理解、多模態 agent,先用 20-50 筆代表資料測 latency、準確率與成本，再決定雲端端點或自部署。,Free Endpoint,Image-to-Text,language generation; multimodal; visual question answering,"Powerful, multimodal language model designed for enterprise applications, including software development, data analysis, and reasoning."
80,19,多模態理解,圖像/影片問答,mistralai,mistral-small-4-119b-2603,https://build.nvidia.com/mistralai/mistral-small-4-119b-2603,理解圖片或影片內容並回答問題/產生描述，適合視覺問答、圖表理解與內容分析。,Multimodal / Vision-Language API,圖片、影片幀、音訊片段、文字問題或多模態 prompt,圖片/影片描述、視覺問答、表格/圖表解讀、情境推理結果,1. 準備圖片/影片幀/音訊與問題。2. 呼叫多模態模型做描述或問答。3. 將輸出結構化成 JSON/文字。4. 對高風險場景加人工複核。5. 接到搜尋、客服或審核流程。,視覺問答、影片分析、圖表理解、多模態 agent,先用 20-50 筆代表資料測 latency、準確率與成本，再決定雲端端點或自部署。,Partner Endpoint; Download Available,(未標示),code generation; reasoning; image-to-text,"Hybrid MoE model unifying instruct, reasoning, and coding with multimodal input and 256k context"
81,1,多模態理解,圖像/影片問答,moonshotai,kimi-k2.6,https://build.nvidia.com/moonshotai/kimi-k2.6,理解圖片或影片內容並回答問題/產生描述，適合視覺問答、圖表理解與內容分析。,Multimodal / Vision-Language API,圖片、影片幀、音訊片段、文字問題或多模態 prompt,圖片/影片描述、視覺問答、表格/圖表解讀、情境推理結果,1. 準備圖片/影片幀/音訊與問題。2. 呼叫多模態模型做描述或問答。3. 將輸出結構化成 JSON/文字。4. 對高風險場景加人工複核。5. 接到搜尋、客服或審核流程。,視覺問答、影片分析、圖表理解、多模態 agent,先用 20-50 筆代表資料測 latency、準確率與成本，再決定雲端端點或自部署。,Download Available; Partner Endpoint,Image-to-Text,Multimodal; Reasoning; Mixture-of-Experts,"1T multimodal MoE for long-horizon coding, agentic tool use, and image/video understanding."
82,84,多模態理解,圖像/影片問答,nvidia,llama-3.1-nemotron-nano-vl-8b-v1,https://build.nvidia.com/nvidia/llama-3.1-nemotron-nano-vl-8b-v1,理解圖片或影片內容並回答問題/產生描述，適合視覺問答、圖表理解與內容分析。,Multimodal / Vision-Language API,圖片、影片幀、音訊片段、文字問題或多模態 prompt,圖片/影片描述、視覺問答、表格/圖表解讀、情境推理結果,1. 準備圖片/影片幀/音訊與問題。2. 呼叫多模態模型做描述或問答。3. 將輸出結構化成 JSON/文字。4. 對高風險場景加人工複核。5. 接到搜尋、客服或審核流程。,視覺問答、影片分析、圖表理解、多模態 agent,先用 20-50 筆代表資料測 latency、準確率與成本，再決定雲端端點或自部署。,Download Available,(未標示),doc intelligence; multiple image understanding; OCR,Multi-modal vision-language model that understands text/img and creates informative responses
83,48,多模態理解,圖像/影片問答,nvidia,nemotron-nano-12b-v2-vl,https://build.nvidia.com/nvidia/nemotron-nano-12b-v2-vl,理解圖片或影片內容並回答問題/產生描述，適合視覺問答、圖表理解與內容分析。,Multimodal / Vision-Language API,圖片、影片幀、音訊片段、文字問題或多模態 prompt,圖片/影片描述、視覺問答、表格/圖表解讀、情境推理結果,1. 準備圖片/影片幀/音訊與問題。2. 呼叫多模態模型做描述或問答。3. 將輸出結構化成 JSON/文字。4. 對高風險場景加人工複核。5. 接到搜尋、客服或審核流程。,視覺問答、影片分析、圖表理解、多模態 agent,先用 20-50 筆代表資料測 latency、準確率與成本，再決定雲端端點或自部署。,Download Available,Image-to-Text,language generation; vision assistant; visual question answering,"Nemotron Nano 12B v2 VL enables multi-image and video understanding, along with visual Q&A and summarization capabilities."
84,26,多模態理解,圖像/影片問答,qwen,qwen3.5-122b-a10b,https://build.nvidia.com/qwen/qwen3.5-122b-a10b,理解圖片或影片內容並回答問題/產生描述，適合視覺問答、圖表理解與內容分析。,Multimodal / Vision-Language API,圖片、影片幀、音訊片段、文字問題或多模態 prompt,圖片/影片描述、視覺問答、表格/圖表解讀、情境推理結果,1. 準備圖片/影片幀/音訊與問題。2. 呼叫多模態模型做描述或問答。3. 將輸出結構化成 JSON/文字。4. 對高風險場景加人工複核。5. 接到搜尋、客服或審核流程。,視覺問答、影片分析、圖表理解、多模態 agent,先用 20-50 筆代表資料測 latency、準確率與成本，再決定雲端端點或自部署。,Partner Endpoint; Download Available,(未標示),tool calling; text-to-text; reasoning; image-to-text,"122B MoE LLM (10B active) for coding, reasoning, multimodal chat. Agent-ready."
85,34,多模態理解,圖像/影片問答,qwen,qwen3.5-397b-a17b,https://build.nvidia.com/qwen/qwen3.5-397b-a17b,理解圖片或影片內容並回答問題/產生描述，適合視覺問答、圖表理解與內容分析。,Multimodal / Vision-Language API,圖片、影片幀、音訊片段、文字問題或多模態 prompt,圖片/影片描述、視覺問答、表格/圖表解讀、情境推理結果,1. 準備圖片/影片幀/音訊與問題。2. 呼叫多模態模型做描述或問答。3. 將輸出結構化成 JSON/文字。4. 對高風險場景加人工複核。5. 接到搜尋、客服或審核流程。,視覺問答、影片分析、圖表理解、多模態 agent,先用 20-50 筆代表資料測 latency、準確率與成本，再決定雲端端點或自部署。,Download Available; Partner Endpoint,(未標示),MoE; VLM; image-to-image; agentic,"Next-gen Qwen 3.5 VLM (400B MoE) brings advanced vision, chat, RAG, and agentic capabilities."
86,78,多模態理解,圖像/語音/文字理解,google,gemma-3n-e2b-it,https://build.nvidia.com/google/gemma-3n-e2b-it,同時理解圖片、語音與文字，適合多模態聊天、圖表問答與情境分析。,Multimodal / Vision-Language API,圖片、影片幀、音訊片段、文字問題或多模態 prompt,圖片/影片描述、視覺問答、表格/圖表解讀、情境推理結果,1. 準備圖片/影片幀/音訊與問題。2. 呼叫多模態模型做描述或問答。3. 將輸出結構化成 JSON/文字。4. 對高風險場景加人工複核。5. 接到搜尋、客服或審核流程。,視覺問答、影片分析、圖表理解、多模態 agent,先用 20-50 筆代表資料測 latency、準確率與成本，再決定雲端端點或自部署。,Free Endpoint,(未標示),language generation; speech recognition; Visual QA; chat,"An edge computing AI model which accepts text, audio and image input, ideal for resource-constrained environments"
87,77,多模態理解,圖像/語音/文字理解,google,gemma-3n-e4b-it,https://build.nvidia.com/google/gemma-3n-e4b-it,同時理解圖片、語音與文字，適合多模態聊天、圖表問答與情境分析。,Multimodal / Vision-Language API,圖片、影片幀、音訊片段、文字問題或多模態 prompt,圖片/影片描述、視覺問答、表格/圖表解讀、情境推理結果,1. 準備圖片/影片幀/音訊與問題。2. 呼叫多模態模型做描述或問答。3. 將輸出結構化成 JSON/文字。4. 對高風險場景加人工複核。5. 接到搜尋、客服或審核流程。,視覺問答、影片分析、圖表理解、多模態 agent,先用 20-50 筆代表資料測 latency、準確率與成本，再決定雲端端點或自部署。,Partner Endpoint; Free Endpoint,(未標示),language generation; speech recognition; Visual QA; chat,"An edge computing AI model which accepts text, audio and image input, ideal for resource-constrained environments"
88,106,多模態理解,圖像/語音/文字理解,microsoft,phi-4-multimodal-instruct,https://build.nvidia.com/microsoft/phi-4-multimodal-instruct,同時理解圖片、語音與文字，適合多模態聊天、圖表問答與情境分析。,Multimodal / Vision-Language API,圖片、影片幀、音訊片段、文字問題或多模態 prompt,圖片/影片描述、視覺問答、表格/圖表解讀、情境推理結果,1. 準備圖片/影片幀/音訊與問題。2. 呼叫多模態模型做描述或問答。3. 將輸出結構化成 JSON/文字。4. 對高風險場景加人工複核。5. 接到搜尋、客服或審核流程。,視覺問答、影片分析、圖表理解、多模態 agent,先用 20-50 筆代表資料測 latency、準確率與成本，再決定雲端端點或自部署。,Partner Endpoint; Free Endpoint,Image-to-Text,Speech Recognition; Visual QA; Language Generation; Chart and Table Understanding,Cutting-edge open multimodal model exceling in high-quality reasoning from image and audio inputs.
89,5,多模態理解,圖像/語音/文字理解,nvidia,nemotron-3-nano-omni-30b-a3b-reasoning,https://build.nvidia.com/nvidia/nemotron-3-nano-omni-30b-a3b-reasoning,同時理解圖片、語音與文字，適合多模態聊天、圖表問答與情境分析。,Multimodal / Vision-Language API,圖片、影片幀、音訊片段、文字問題或多模態 prompt,圖片/影片描述、視覺問答、表格/圖表解讀、情境推理結果,1. 準備圖片/影片幀/音訊與問題。2. 呼叫多模態模型做描述或問答。3. 將輸出結構化成 JSON/文字。4. 對高風險場景加人工複核。5. 接到搜尋、客服或審核流程。,視覺問答、影片分析、圖表理解、多模態 agent,先用 20-50 筆代表資料測 latency、準確率與成本，再決定雲端端點或自部署。,Download Available; Partner Endpoint,Image-to-Text,VLM; Video; Omni; OCR,"Nemotron 3 Nano Omni is an omni-modal reasoning model that understands images, video, speech, text."
90,89,視覺生成與創作,文字生圖,black-forest-labs,FLUX.1-dev,https://build.nvidia.com/black-forest-labs/flux_1-dev,依文字提示生成圖片，適合行銷素材、設計草圖、概念圖與創意內容生產。,Image Generation / Image Edit API,文字 prompt、參考圖、遮罩、風格/尺寸/種子等參數,生成圖片或編輯後圖片,1. 定義品牌/風格 prompt 模板。2. 呼叫模型生成或編輯圖片。3. 自動做安全/版權/品牌規範檢查。4. 人工挑選或再生成。5. 交付到 CMS、設計工具或素材庫。,設計素材生成、行銷圖、產品草圖、內容創作工具,先用 20-50 筆代表資料測 latency、準確率與成本，再決定雲端端點或自部署。,Partner Endpoint; Download Available,Text-to-Image; Image Generation,Run-on-RTX,FLUX.1 is a state-of-the-art suite of image generation models
91,86,視覺生成與創作,文字生圖,black-forest-labs,FLUX.1-schnell,https://build.nvidia.com/black-forest-labs/flux_1-schnell,依文字提示生成圖片，適合行銷素材、設計草圖、概念圖與創意內容生產。,Image Generation / Image Edit API,文字 prompt、參考圖、遮罩、風格/尺寸/種子等參數,生成圖片或編輯後圖片,1. 定義品牌/風格 prompt 模板。2. 呼叫模型生成或編輯圖片。3. 自動做安全/版權/品牌規範檢查。4. 人工挑選或再生成。5. 交付到 CMS、設計工具或素材庫。,設計素材生成、行銷圖、產品草圖、內容創作工具,先用 20-50 筆代表資料測 latency、準確率與成本，再決定雲端端點或自部署。,Partner Endpoint; Download Available,Text-to-Image; Image Generation,Run-on-RTX,"FLUX.1-schnell is a distilled image generation model, producing high quality images at fast speeds"
92,2,視覺生成與創作,文字生圖,qwen,qwen-image,https://build.nvidia.com/qwen/qwen-image,依文字提示生成圖片，適合行銷素材、設計草圖、概念圖與創意內容生產。,Image Generation / Image Edit API,文字 prompt、參考圖、遮罩、風格/尺寸/種子等參數,生成圖片或編輯後圖片,1. 定義品牌/風格 prompt 模板。2. 呼叫模型生成或編輯圖片。3. 自動做安全/版權/品牌規範檢查。4. 人工挑選或再生成。5. 交付到 CMS、設計工具或素材庫。,設計素材生成、行銷圖、產品草圖、內容創作工具,先用 20-50 筆代表資料測 latency、準確率與成本，再決定雲端端點或自部署。,Partner Endpoint; Download Available,Text-to-Image; Image Generation,,Qwen-Image is a text-to-image foundation model with advanced multilingual text rendering.
93,63,視覺生成與創作,文字生圖,stabilityai,stable-diffusion-3.5-large,https://build.nvidia.com/stabilityai/stable-diffusion-3_5-large,依文字提示生成圖片，適合行銷素材、設計草圖、概念圖與創意內容生產。,Image Generation / Image Edit API,文字 prompt、參考圖、遮罩、風格/尺寸/種子等參數,生成圖片或編輯後圖片,1. 定義品牌/風格 prompt 模板。2. 呼叫模型生成或編輯圖片。3. 自動做安全/版權/品牌規範檢查。4. 人工挑選或再生成。5. 交付到 CMS、設計工具或素材庫。,設計素材生成、行銷圖、產品草圖、內容創作工具,先用 20-50 筆代表資料測 latency、準確率與成本，再決定雲端端點或自部署。,Download Available,Text-to-Image; Image Generation,,Stable Diffusion 3.5 is a popular text-to-image generation model
94,64,視覺生成與創作,圖片編輯 / In-context 編輯,black-forest-labs,FLUX.1-Kontext-dev,https://build.nvidia.com/black-forest-labs/flux_1-kontext-dev,依文字指令生成或編輯圖片，維持主體與場景一致性，適合素材修改與設計迭代。,Image Generation / Image Edit API,文字 prompt、參考圖、遮罩、風格/尺寸/種子等參數,生成圖片或編輯後圖片,1. 定義品牌/風格 prompt 模板。2. 呼叫模型生成或編輯圖片。3. 自動做安全/版權/品牌規範檢查。4. 人工挑選或再生成。5. 交付到 CMS、設計工具或素材庫。,設計素材生成、行銷圖、產品草圖、內容創作工具,先用 20-50 筆代表資料測 latency、準確率與成本，再決定雲端端點或自部署。,Partner Endpoint; Download Available,Text-to-Image; Image Generation,Run-on-RTX,FLUX.1 Kontext is a multimodal model that enables in-context image generation and editing.
95,22,視覺生成與創作,圖片編輯 / In-context 編輯,black-forest-labs,flux.2-klein-4b,https://build.nvidia.com/black-forest-labs/flux_2-klein-4b,依文字指令生成或編輯圖片，維持主體與場景一致性，適合素材修改與設計迭代。,Image Generation / Image Edit API,文字 prompt、參考圖、遮罩、風格/尺寸/種子等參數,生成圖片或編輯後圖片,1. 定義品牌/風格 prompt 模板。2. 呼叫模型生成或編輯圖片。3. 自動做安全/版權/品牌規範檢查。4. 人工挑選或再生成。5. 交付到 CMS、設計工具或素材庫。,設計素材生成、行銷圖、產品草圖、內容創作工具,先用 20-50 筆代表資料測 latency、準確率與成本，再決定雲端端點或自部署。,Partner Endpoint; Download Available,Text-to-Image; Image Generation,Run-on-RTX,"FLUX.2-klein-4B is a distilled image generation and editing model, producing outputs at lighting speed"
96,3,視覺生成與創作,圖片編輯 / In-context 編輯,qwen,qwen-image-edit,https://build.nvidia.com/qwen/qwen-image-edit,依文字指令生成或編輯圖片，維持主體與場景一致性，適合素材修改與設計迭代。,Image Generation / Image Edit API,文字 prompt、參考圖、遮罩、風格/尺寸/種子等參數,生成圖片或編輯後圖片,1. 定義品牌/風格 prompt 模板。2. 呼叫模型生成或編輯圖片。3. 自動做安全/版權/品牌規範檢查。4. 人工挑選或再生成。5. 交付到 CMS、設計工具或素材庫。,設計素材生成、行銷圖、產品草圖、內容創作工具,先用 20-50 筆代表資料測 latency、準確率與成本，再決定雲端端點或自部署。,Partner Endpoint; Download Available,Text-to-Image; Image Generation,,Qwen-Image-Edit is an image editing model with multilingual text editing and strong subject consistency.
97,121,語音與翻譯,語音轉文字 ASR,nvidia,conformer-ctc-asr,https://build.nvidia.com/nvidia/conformer-ctc-asr,將語音即時或批次轉成文字，支援字幕、會議記錄、客服錄音分析與語音管線。,Speech-to-Text / ASR API,音訊檔、即時音訊串流、語言/時間戳設定,逐字稿、時間戳、可能的翻譯文字,1. 將音訊切段或建立 streaming session。2. 呼叫 ASR/AST 模型。3. 做標點、說話者或章節後處理。4. 存入搜尋索引。5. 接摘要、客服分析或字幕輸出。,字幕、會議記錄、客服錄音分析、語音資料湖,先用 20-50 筆代表資料測 latency、準確率與成本，再決定雲端端點或自部署。,Download Available,Speech-to-Text,ASR; streaming; Spanish; NVIDIA NIM; NVIDIA Riva,Automatic speech recognition model that transcribes speech in lower case Spanish with record-setting accuracy and performance
98,21,語音與翻譯,語音轉文字 ASR,nvidia,nemotron-asr-streaming,https://build.nvidia.com/nvidia/nemotron-asr-streaming,將語音即時或批次轉成文字，支援字幕、會議記錄、客服錄音分析與語音管線。,Speech-to-Text / ASR API,音訊檔、即時音訊串流、語言/時間戳設定,逐字稿、時間戳、可能的翻譯文字,1. 將音訊切段或建立 streaming session。2. 呼叫 ASR/AST 模型。3. 做標點、說話者或章節後處理。4. 存入搜尋索引。5. 接摘要、客服分析或字幕輸出。,字幕、會議記錄、客服錄音分析、語音資料湖,先用 20-50 筆代表資料測 latency、準確率與成本，再決定雲端端點或自部署。,Download Available,(未標示),Automatic Speech Recognition; NVIDIA NIM; NVIDIA Riva,Real-time speech recognition for English
99,88,語音與翻譯,語音轉文字 ASR,nvidia,parakeet-1.1b-rnnt-multilingual-asr,https://build.nvidia.com/nvidia/parakeet-1_1b-rnnt-multilingual-asr,將語音即時或批次轉成文字，支援字幕、會議記錄、客服錄音分析與語音管線。,Speech-to-Text / ASR API,音訊檔、即時音訊串流、語言/時間戳設定,逐字稿、時間戳、可能的翻譯文字,1. 將音訊切段或建立 streaming session。2. 呼叫 ASR/AST 模型。3. 做標點、說話者或章節後處理。4. 存入搜尋索引。5. 接摘要、客服分析或字幕輸出。,字幕、會議記錄、客服錄音分析、語音資料湖,先用 20-50 筆代表資料測 latency、準確率與成本，再決定雲端端點或自部署。,Download Available,Speech-to-Text,Automatic Speech Recognition; NVIDIA NIM; NVIDIA Riva,High accuracy and optimized performance for transcription in 25 languages
100,57,語音與翻譯,語音轉文字 ASR,nvidia,parakeet-ctc-0.6b-es,https://build.nvidia.com/nvidia/parakeet-ctc-0_6b-es,將語音即時或批次轉成文字，支援字幕、會議記錄、客服錄音分析與語音管線。,Speech-to-Text / ASR API,音訊檔、即時音訊串流、語言/時間戳設定,逐字稿、時間戳、可能的翻譯文字,1. 將音訊切段或建立 streaming session。2. 呼叫 ASR/AST 模型。3. 做標點、說話者或章節後處理。4. 存入搜尋索引。5. 接摘要、客服分析或字幕輸出。,字幕、會議記錄、客服錄音分析、語音資料湖,先用 20-50 筆代表資料測 latency、準確率與成本，再決定雲端端點或自部署。,Download Available,Speech-to-Text,ASR; Streaming; Spanish; NVIDIA NIM,Accurate and optimized Spanish English transcriptions with punctuation and word timestamps.
101,58,語音與翻譯,語音轉文字 ASR,nvidia,parakeet-ctc-0.6b-vi,https://build.nvidia.com/nvidia/parakeet-ctc-0_6b-vi,將語音即時或批次轉成文字，支援字幕、會議記錄、客服錄音分析與語音管線。,Speech-to-Text / ASR API,音訊檔、即時音訊串流、語言/時間戳設定,逐字稿、時間戳、可能的翻譯文字,1. 將音訊切段或建立 streaming session。2. 呼叫 ASR/AST 模型。3. 做標點、說話者或章節後處理。4. 存入搜尋索引。5. 接摘要、客服分析或字幕輸出。,字幕、會議記錄、客服錄音分析、語音資料湖,先用 20-50 筆代表資料測 latency、準確率與成本，再決定雲端端點或自部署。,Download Available,Speech-to-Text,ASR; Streaming; Vietnamese; NVIDIA NIM,Accurate and optimized Vietnamese-English transcriptions with punctuation and word timestamps.
102,56,語音與翻譯,語音轉文字 ASR,nvidia,parakeet-ctc-0.6b-zh-cn,https://build.nvidia.com/nvidia/parakeet-ctc-0_6b-zh-cn,將語音即時或批次轉成文字，支援字幕、會議記錄、客服錄音分析與語音管線。,Speech-to-Text / ASR API,音訊檔、即時音訊串流、語言/時間戳設定,逐字稿、時間戳、可能的翻譯文字,1. 將音訊切段或建立 streaming session。2. 呼叫 ASR/AST 模型。3. 做標點、說話者或章節後處理。4. 存入搜尋索引。5. 接摘要、客服分析或字幕輸出。,字幕、會議記錄、客服錄音分析、語音資料湖,先用 20-50 筆代表資料測 latency、準確率與成本，再決定雲端端點或自部署。,Download Available,Speech-to-Text,ASR; Streaming; Mandarin; NVIDIA NIM,Record-setting accuracy and performance for Mandarin English transcriptions.
103,51,語音與翻譯,語音轉文字 ASR,nvidia,parakeet-ctc-0.6b-zh-tw,https://build.nvidia.com/nvidia/parakeet-ctc-0_6b-zh-tw,將語音即時或批次轉成文字，支援字幕、會議記錄、客服錄音分析與語音管線。,Speech-to-Text / ASR API,音訊檔、即時音訊串流、語言/時間戳設定,逐字稿、時間戳、可能的翻譯文字,1. 將音訊切段或建立 streaming session。2. 呼叫 ASR/AST 模型。3. 做標點、說話者或章節後處理。4. 存入搜尋索引。5. 接摘要、客服分析或字幕輸出。,字幕、會議記錄、客服錄音分析、語音資料湖,先用 20-50 筆代表資料測 latency、準確率與成本，再決定雲端端點或自部署。,Download Available,Speech-to-Text,ASR; Streaming; Taiwanese; NVIDIA NIM,Record-setting accuracy and performance for Mandarin Taiwanese English transcriptions.
104,134,語音與翻譯,語音轉文字 ASR,nvidia,parakeet-ctc-1.1b-asr,https://build.nvidia.com/nvidia/parakeet-ctc-1_1b-asr,將語音即時或批次轉成文字，支援字幕、會議記錄、客服錄音分析與語音管線。,Speech-to-Text / ASR API,音訊檔、即時音訊串流、語言/時間戳設定,逐字稿、時間戳、可能的翻譯文字,1. 將音訊切段或建立 streaming session。2. 呼叫 ASR/AST 模型。3. 做標點、說話者或章節後處理。4. 存入搜尋索引。5. 接摘要、客服分析或字幕輸出。,字幕、會議記錄、客服錄音分析、語音資料湖,先用 20-50 筆代表資料測 latency、準確率與成本，再決定雲端端點或自部署。,Download Available,Speech-to-Text,ASR; Streaming; English; batch; NVIDIA NIM,Record-setting accuracy and performance for English transcription.
105,68,語音與翻譯,語音轉文字 ASR,nvidia,parakeet-tdt-0.6b-v2,https://build.nvidia.com/nvidia/parakeet-tdt-0_6b-v2,將語音即時或批次轉成文字，支援字幕、會議記錄、客服錄音分析與語音管線。,Speech-to-Text / ASR API,音訊檔、即時音訊串流、語言/時間戳設定,逐字稿、時間戳、可能的翻譯文字,1. 將音訊切段或建立 streaming session。2. 呼叫 ASR/AST 模型。3. 做標點、說話者或章節後處理。4. 存入搜尋索引。5. 接摘要、客服分析或字幕輸出。,字幕、會議記錄、客服錄音分析、語音資料湖,先用 20-50 筆代表資料測 latency、準確率與成本，再決定雲端端點或自部署。,Download Available,(未標示),ASR; English; NVIDIA NIM; NVIDIA Riva; speech-to-text,Accurate and optimized English transcriptions with punctuation and word timestamps
106,109,語音與翻譯,語音辨識 + 語音翻譯,nvidia,canary-1b-asr,https://build.nvidia.com/nvidia/canary-1b-asr,將語音轉文字並可做語音翻譯，適合多語會議、字幕與語音資料處理。,Speech-to-Text / ASR API,音訊檔、即時音訊串流、語言/時間戳設定,逐字稿、時間戳、可能的翻譯文字,1. 將音訊切段或建立 streaming session。2. 呼叫 ASR/AST 模型。3. 做標點、說話者或章節後處理。4. 存入搜尋索引。5. 接摘要、客服分析或字幕輸出。,字幕、會議記錄、客服錄音分析、語音資料湖,先用 20-50 筆代表資料測 latency、準確率與成本，再決定雲端端點或自部署。,Download Available,(未標示),Automatic Speech Recognition; Automatic Speech Translation; NVIDIA NIM; NVIDIA Riva,Multi-lingual model supporting speech-to-text recognition and translation.
107,135,語音與翻譯,語音辨識 + 語音翻譯,nvidia,parakeet-ctc-0.6b-asr,https://build.nvidia.com/nvidia/parakeet-ctc-0_6b-asr,將語音轉文字並可做語音翻譯，適合多語會議、字幕與語音資料處理。,Speech-to-Text / ASR API,音訊檔、即時音訊串流、語言/時間戳設定,逐字稿、時間戳、可能的翻譯文字,1. 將音訊切段或建立 streaming session。2. 呼叫 ASR/AST 模型。3. 做標點、說話者或章節後處理。4. 存入搜尋索引。5. 接摘要、客服分析或字幕輸出。,字幕、會議記錄、客服錄音分析、語音資料湖,先用 20-50 筆代表資料測 latency、準確率與成本，再決定雲端端點或自部署。,Download Available,Speech-to-Text,ASR; Streaming; English; Batch; Fast; NVIDIA NIM,State-of-the-art accuracy and speed for English transcriptions.
108,108,語音與翻譯,語音辨識 + 語音翻譯,openai,whisper-large-v3,https://build.nvidia.com/openai/whisper-large-v3,將語音轉文字並可做語音翻譯，適合多語會議、字幕與語音資料處理。,Speech-to-Text / ASR API,音訊檔、即時音訊串流、語言/時間戳設定,逐字稿、時間戳、可能的翻譯文字,1. 將音訊切段或建立 streaming session。2. 呼叫 ASR/AST 模型。3. 做標點、說話者或章節後處理。4. 存入搜尋索引。5. 接摘要、客服分析或字幕輸出。,字幕、會議記錄、客服錄音分析、語音資料湖,先用 20-50 筆代表資料測 latency、準確率與成本，再決定雲端端點或自部署。,Download Available; Partner Endpoint,Speech-to-Text,ASR; AST; batch; Multilingual; NVIDIA Riva; whisper,Robust Speech Recognition via Large-Scale Weak Supervision.
109,133,語音與翻譯,文字翻譯,nvidia,megatron-1b-nmt,https://build.nvidia.com/nvidia/megatron-1b-nmt,做多語文字翻譯，適合客服、文件在地化、跨國協作與即時溝通。,Translation API,來源文字、來源/目標語言、少量範例或術語表,翻譯後文字,1. 定義語言方向與術語表。2. 呼叫翻譯模型。3. 做格式保留與品質檢查。4. 對專有名詞做 glossary 校正。5. 接文件在地化或客服系統。,文件在地化、客服翻譯、多語知識庫,先用 20-50 筆代表資料測 latency、準確率與成本，再決定雲端端點或自部署。,Download Available,Text Translation,Neural machine translation; NVIDIA NIM,Enable smooth global interactions in 36 languages.
110,76,語音與翻譯,文字翻譯,nvidia,riva-translate-1.6b,https://build.nvidia.com/nvidia/riva-translate-1_6b,做多語文字翻譯，適合客服、文件在地化、跨國協作與即時溝通。,Translation API,來源文字、來源/目標語言、少量範例或術語表,翻譯後文字,1. 定義語言方向與術語表。2. 呼叫翻譯模型。3. 做格式保留與品質檢查。4. 對專有名詞做 glossary 校正。5. 接文件在地化或客服系統。,文件在地化、客服翻譯、多語知識庫,先用 20-50 筆代表資料測 latency、準確率與成本，再決定雲端端點或自部署。,Download Available,Text Translation,Neural machine translation; NVIDIA NIM,Enable smooth global interactions in 36 languages.
111,41,語音與翻譯,文字翻譯,nvidia,riva-translate-4b-instruct-v1_1,https://build.nvidia.com/nvidia/riva-translate-4b-instruct-v1_1,做多語文字翻譯，適合客服、文件在地化、跨國協作與即時溝通。,Translation API,來源文字、來源/目標語言、少量範例或術語表,翻譯後文字,1. 定義語言方向與術語表。2. 呼叫翻譯模型。3. 做格式保留與品質檢查。4. 對專有名詞做 glossary 校正。5. 接文件在地化或客服系統。,文件在地化、客服翻譯、多語知識庫,先用 20-50 筆代表資料測 latency、準確率與成本，再決定雲端端點或自部署。,Free Endpoint,Text Translation,nvidia nim; neural machine translation,Translation model in 12 languages with few-shots example prompts capability.
112,96,語音與翻譯,文字轉語音 TTS,nvidia,magpie-tts-multilingual,https://build.nvidia.com/nvidia/magpie-tts-multilingual,把文字轉成自然語音，可用於語音助理、品牌聲音、旁白與多語內容。,Text-to-Speech API,文字、聲音樣本/語者設定、語速/情緒參數,語音音訊檔或串流,1. 清理輸入文字並標註語氣。2. 選擇聲音或提供短音檔。3. 呼叫 TTS 生成音訊。4. 做音量/格式轉換。5. 接語音助理、旁白或 IVR。,語音助理、客服 IVR、旁白、多語內容,先用 20-50 筆代表資料測 latency、準確率與成本，再決定雲端端點或自部署。,Download Available,Text-to-Speech,TTS; NVIDIA NIM; NVIDIA Riva; multilingual,Natural and expressive voices in multiple languages. For voice agents and brand ambassadors.
113,85,語音與翻譯,文字轉語音 TTS,nvidia,magpie-tts-zeroshot,https://build.nvidia.com/nvidia/magpie-tts-zeroshot,把文字轉成自然語音，可用於語音助理、品牌聲音、旁白與多語內容。,Text-to-Speech API,文字、聲音樣本/語者設定、語速/情緒參數,語音音訊檔或串流,1. 清理輸入文字並標註語氣。2. 選擇聲音或提供短音檔。3. 呼叫 TTS 生成音訊。4. 做音量/格式轉換。5. 接語音助理、旁白或 IVR。,語音助理、客服 IVR、旁白、多語內容,先用 20-50 筆代表資料測 latency、準確率與成本，再決定雲端端點或自部署。,Free Endpoint,Text-to-Speech,TTS; NVIDIA NIM; NVIDIA Riva,"Expressive and engaging text-to-speech, generated from a short audio sample."
114,20,語音與翻譯,即時語音對話,nvidia,nemotron-voicechat,https://build.nvidia.com/nvidia/nemotron-voicechat,建立可即時聽與回應的語音助理或客服語音 agent。,Realtime Voice / Voicechat API,麥克風音訊串流 + 對話上下文,即時語音回覆或文字+語音回覆,1. 建立前端錄音與串流。2. 串接 voicechat 模型。3. 保存對話狀態。4. 加入中斷、轉人工、敏感資訊遮罩。5. 部署到客服或桌面助理。,即時語音客服、桌面語音助理、語音 agent,先用 20-50 筆代表資料測 latency、準確率與成本，再決定雲端端點或自部署。,Free Endpoint,(未標示),English; voice chat; NVIDIA NIM,Nemotron 3 Voicechat
115,81,語音與翻譯,語音增強/降噪,nvidia,Background Noise Removal,https://build.nvidia.com/nvidia/bnr,移除音訊背景噪音，提升通話、會議、Podcast 或語音辨識前處理品質。,Audio Enhancement API,含噪音或低品質語音音訊,降噪/增強後音訊,1. 將音訊切段。2. 呼叫降噪/增強模型。3. 正規化音量與格式。4. 送入 ASR 或直接輸出。5. 監控音質與延遲。,會議音訊處理、Podcast、ASR 前處理、通話品質提升,先用 20-50 筆代表資料測 latency、準確率與成本，再決定雲端端點或自部署。,Download Available,(未標示),Nvidia Maxine; Speech-to-speech; Digital Human; Speech Enhancement,Removes unwanted noises from audio improving speech intelligibility.
116,123,語音與翻譯,語音增強/降噪,nvidia,studiovoice,https://build.nvidia.com/nvidia/studiovoice,提升錄音品質或移除背景噪音，適合會議、通話、Podcast 與 ASR 前處理。,Audio Enhancement API,含噪音或低品質語音音訊,降噪/增強後音訊,1. 將音訊切段。2. 呼叫降噪/增強模型。3. 正規化音量與格式。4. 送入 ASR 或直接輸出。5. 監控音質與延遲。,會議音訊處理、Podcast、ASR 前處理、通話品質提升,先用 20-50 筆代表資料測 latency、準確率與成本，再決定雲端端點或自部署。,Download Available; Free Endpoint,(未標示),communications; mic quality; nvidia ai for media; speech enhancement,"Enhance input speech recorded with low-quality microphones in noisy or reverberant environments, producing studio-quality speech."
117,12,媒體 AI 與影片工具,AI 合成影片偵測,nvidia,synthetic-video-detector,https://build.nvidia.com/nvidia/synthetic-video-detector,判斷影片是否為 AI 生成/合成影片，適合媒體查核、版權審核與內容驗證。,Media / Video Processing API,影片、音訊、參考光源/目標音訊/偵測設定,處理後影片、偵測分數、說話者區段或視線/嘴型結果,1. 抽取影片片段或上傳媒體。2. 呼叫對應媒體模型。3. 根據輸出更新剪輯、字幕、審核或後製資料。4. 做人工抽查。5. 匯出成 NLE/CMS 可用格式。,媒體後製、內容審核、配音在地化、會議/節目分析,先用 20-50 筆代表資料測 latency、準確率與成本，再決定雲端端點或自部署。,Download Available; Free Endpoint,(未標示),broadcast; media2; forensics; nvidia ai for media; diffusion models,NVIDIA Synthetic Video Detector is an AI-powered micro-service for detecting AI‑generated (synthetic) videos.
118,10,媒體 AI 與影片工具,影片人物重打光,nvidia,NVIDIA AI for Media Relighting,https://build.nvidia.com/nvidia/relighting,把影片中的人物重新打光，讓遠端錄影、主播或訪談畫面匹配指定 HDRI/場景光源。,Media / Video Processing API,影片、音訊、參考光源/目標音訊/偵測設定,處理後影片、偵測分數、說話者區段或視線/嘴型結果,1. 抽取影片片段或上傳媒體。2. 呼叫對應媒體模型。3. 根據輸出更新剪輯、字幕、審核或後製資料。4. 做人工抽查。5. 匯出成 NLE/CMS 可用格式。,媒體後製、內容審核、配音在地化、會議/節目分析,先用 20-50 筆代表資料測 latency、準確率與成本，再決定雲端端點或自部署。,Download Available,(未標示),HDRI; remote contribution; lighting; nvidia ai for media,Re-illuminate people in video to match target lighting from a 360 HDRI environment map.
119,13,媒體 AI 與影片工具,說話者偵測,nvidia,Active Speaker Detection,https://build.nvidia.com/nvidia/active-speaker-detection,在影片中找出誰正在說話並追蹤說話者，適合會議、節目、字幕與剪輯自動化。,Media / Video Processing API,影片、音訊、參考光源/目標音訊/偵測設定,處理後影片、偵測分數、說話者區段或視線/嘴型結果,1. 抽取影片片段或上傳媒體。2. 呼叫對應媒體模型。3. 根據輸出更新剪輯、字幕、審核或後製資料。4. 做人工抽查。5. 匯出成 NLE/CMS 可用格式。,媒體後製、內容審核、配音在地化、會議/節目分析,先用 20-50 筆代表資料測 latency、準確率與成本，再決定雲端端點或自部署。,Download Available; Free Endpoint,(未標示),localization; speaker detection; dubbing; nvidia ai for media; broadcast-logging,Detect and track speaker identities across video frames.
120,14,媒體 AI 與影片工具,嘴型同步/配音,nvidia,LipSync,https://build.nvidia.com/nvidia/lipsync,把影片人物嘴型同步到新音訊，適合配音、在地化、新聞/體育多語內容製作。,Media / Video Processing API,影片、音訊、參考光源/目標音訊/偵測設定,處理後影片、偵測分數、說話者區段或視線/嘴型結果,1. 抽取影片片段或上傳媒體。2. 呼叫對應媒體模型。3. 根據輸出更新剪輯、字幕、審核或後製資料。4. 做人工抽查。5. 匯出成 NLE/CMS 可用格式。,媒體後製、內容審核、配音在地化、會議/節目分析,先用 20-50 筆代表資料測 latency、準確率與成本，再決定雲端端點或自部署。,Download Available,(未標示),lipsync; localization; news; sports; dubbing; translation,Generative lip dubbing that syncs lips in a video to input audio.
121,138,媒體 AI 與影片工具,視線校正,nvidia,eyecontact,https://build.nvidia.com/nvidia/eyecontact,校正影片人物視線，讓視線看起來面向鏡頭，適合遠距會議與虛擬人。,Media / Video Processing API,影片、音訊、參考光源/目標音訊/偵測設定,處理後影片、偵測分數、說話者區段或視線/嘴型結果,1. 抽取影片片段或上傳媒體。2. 呼叫對應媒體模型。3. 根據輸出更新剪輯、字幕、審核或後製資料。4. 做人工抽查。5. 匯出成 NLE/CMS 可用格式。,媒體後製、內容審核、配音在地化、會議/節目分析,先用 20-50 筆代表資料測 latency、準確率與成本，再決定雲端端點或自部署。,Download Available,(未標示),telepresence; Nvidia Maxine; Digital Human,Estimate gaze angles of a person in a video and redirect to make it frontal.
122,75,安全與治理,內容安全與政策審核,meta,llama-guard-4-12b,https://build.nvidia.com/meta/llama-guard-4-12b,分類不安全、毒性或政策違規的文字/圖像輸入輸出，作為 LLM moderation 與 guardrail。,Safety / Guardrail API,使用者輸入、模型輸出、工具呼叫內容或候選回覆,安全分類、風險分數、違規類別或阻擋/允許決策,1. 在 LLM 前後各加一次安全檢查。2. 將輸入/輸出送入 safety 模型。3. 依分類結果允許、拒答、改寫或轉人工。4. 記錄風險事件。5. 定期用真實案例調整 policy。,LLM gateway、客服平台、agent 工具呼叫前置檢查、合規稽核,先用 20-50 筆代表資料測 latency、準確率與成本，再決定雲端端點或自部署。,Partner Endpoint; Free Endpoint,(未標示),LLM Multimodal Safety; Content Safety; Guardrail; Content Moderator,Multi-modal model to classify safety for input prompts as well output responses.
123,112,安全與治理,內容安全與政策審核,nvidia,llama-3.1-nemoguard-8b-content-safety,https://build.nvidia.com/nvidia/llama-3_1-nemoguard-8b-content-safety,分類不安全、毒性或政策違規的文字/圖像輸入輸出，作為 LLM moderation 與 guardrail。,Safety / Guardrail API,使用者輸入、模型輸出、工具呼叫內容或候選回覆,安全分類、風險分數、違規類別或阻擋/允許決策,1. 在 LLM 前後各加一次安全檢查。2. 將輸入/輸出送入 safety 模型。3. 依分類結果允許、拒答、改寫或轉人工。4. 記錄風險事件。5. 定期用真實案例調整 policy。,LLM gateway、客服平台、agent 工具呼叫前置檢查、合規稽核,先用 20-50 筆代表資料測 latency、準確率與成本，再決定雲端端點或自部署。,Download Available,(未標示),nemo guardrails; LLM safety; Safety and moderation; dialogue safety; nemotron,Leading content safety model for enhancing the safety and moderation capabilities of LLMs
124,49,安全與治理,內容安全與政策審核,nvidia,llama-3.1-nemotron-safety-guard-8b-v3,https://build.nvidia.com/nvidia/llama-3_1-nemotron-safety-guard-8b-v3,分類不安全、毒性或政策違規的文字/圖像輸入輸出，作為 LLM moderation 與 guardrail。,Safety / Guardrail API,使用者輸入、模型輸出、工具呼叫內容或候選回覆,安全分類、風險分數、違規類別或阻擋/允許決策,1. 在 LLM 前後各加一次安全檢查。2. 將輸入/輸出送入 safety 模型。3. 依分類結果允許、拒答、改寫或轉人工。4. 記錄風險事件。5. 定期用真實案例調整 policy。,LLM gateway、客服平台、agent 工具呼叫前置檢查、合規稽核,先用 20-50 筆代表資料測 latency、準確率與成本，再決定雲端端點或自部署。,Free Endpoint,(未標示),content moderation; llm safety; multilingual guard model; multilingual content safety; nemoguard,Leading multilingual content safety model for enhancing the safety and moderation capabilities of LLMs
125,11,安全與治理,內容安全與政策審核,nvidia,nemotron-3-content-safety,https://build.nvidia.com/nvidia/nemotron-3-content-safety,分類不安全、毒性或政策違規的文字/圖像輸入輸出，作為 LLM moderation 與 guardrail。,Safety / Guardrail API,使用者輸入、模型輸出、工具呼叫內容或候選回覆,安全分類、風險分數、違規類別或阻擋/允許決策,1. 在 LLM 前後各加一次安全檢查。2. 將輸入/輸出送入 safety 模型。3. 依分類結果允許、拒答、改寫或轉人工。4. 記錄風險事件。5. 定期用真實案例調整 policy。,LLM gateway、客服平台、agent 工具呼叫前置檢查、合規稽核,先用 20-50 筆代表資料測 latency、準確率與成本，再決定雲端端點或自部署。,Free Endpoint,(未標示),llm safety; safety and moderation; multilingual content safety; ai safety nemo guardrails,"Multilingual, multimodal model for detecting unsafe and toxic content."
126,37,安全與治理,內容安全與政策審核,nvidia,nemotron-content-safety-reasoning-4b,https://build.nvidia.com/nvidia/nemotron-content-safety-reasoning-4b,分類不安全、毒性或政策違規的文字/圖像輸入輸出，作為 LLM moderation 與 guardrail。,Safety / Guardrail API,使用者輸入、模型輸出、工具呼叫內容或候選回覆,安全分類、風險分數、違規類別或阻擋/允許決策,1. 在 LLM 前後各加一次安全檢查。2. 將輸入/輸出送入 safety 模型。3. 依分類結果允許、拒答、改寫或轉人工。4. 記錄風險事件。5. 定期用真實案例調整 policy。,LLM gateway、客服平台、agent 工具呼叫前置檢查、合規稽核,先用 20-50 筆代表資料測 latency、準確率與成本，再決定雲端端點或自部署。,Free Endpoint,(未標示),NeMo Guardrails; Nemotron; reasoning; Safety and Moderation,A context‑aware safety model that applies reasoning to enforce domain‑specific policies.
127,111,安全與治理,Jailbreak / Prompt Injection 偵測,nvidia,nemoguard-jailbreak-detect,https://build.nvidia.com/nvidia/nemoguard-jailbreak-detect,偵測 prompt injection 與 jailbreak 攻擊，保護聊天機器人、agent 與企業內部工具。,Safety / Guardrail API,使用者輸入、模型輸出、工具呼叫內容或候選回覆,安全分類、風險分數、違規類別或阻擋/允許決策,1. 在 LLM 前後各加一次安全檢查。2. 將輸入/輸出送入 safety 模型。3. 依分類結果允許、拒答、改寫或轉人工。4. 記錄風險事件。5. 定期用真實案例調整 policy。,LLM gateway、客服平台、agent 工具呼叫前置檢查、合規稽核,先用 20-50 筆代表資料測 latency、準確率與成本，再決定雲端端點或自部署。,Download Available,(未標示),nemo guardrails; llm security; NIM; Prompt Injection; Safety and Moderation; LLM Safety,Industry leading jailbreak classification model for protection from adversarial attempts
128,110,安全與治理,對話主題控管,nvidia,llama-3.1-nemoguard-8b-topic-control,https://build.nvidia.com/nvidia/llama-3_1-nemoguard-8b-topic-control,限制對話維持在核准主題內，避免客服或企業助理偏離業務範圍。,Safety / Guardrail API,使用者輸入、模型輸出、工具呼叫內容或候選回覆,安全分類、風險分數、違規類別或阻擋/允許決策,1. 在 LLM 前後各加一次安全檢查。2. 將輸入/輸出送入 safety 模型。3. 依分類結果允許、拒答、改寫或轉人工。4. 記錄風險事件。5. 定期用真實案例調整 policy。,LLM gateway、客服平台、agent 工具呼叫前置檢查、合規稽核,先用 20-50 筆代表資料測 latency、準確率與成本，再決定雲端端點或自部署。,Download Available,(未標示),nemo guardrails; LLM safety; Safety and moderation; dialogue safety; nemotron,"Topic control model to keep conversations focused on approved topics, avoiding inappropriate content."
129,31,安全與治理,個資偵測,nvidia,gliner-pii,https://build.nvidia.com/nvidia/gliner-pii,偵測文字中的個資與敏感資訊，例如姓名、電話、地址、證件號，支援遮罩與稽核。,Safety / Guardrail API,使用者輸入、模型輸出、工具呼叫內容或候選回覆,安全分類、風險分數、違規類別或阻擋/允許決策,1. 在 LLM 前後各加一次安全檢查。2. 將輸入/輸出送入 safety 模型。3. 依分類結果允許、拒答、改寫或轉人工。4. 記錄風險事件。5. 定期用真實案例調整 policy。,LLM gateway、客服平台、agent 工具呼叫前置檢查、合規稽核,先用 20-50 筆代表資料測 latency、準確率與成本，再決定雲端端點或自部署。,Free Endpoint,(未標示),PII Detection; NVIDIA NIM,GLiNER PII detects Personally Identifiable Information in text.
130,80,Physical AI / 自駕 / 機器人,物理一致影片生成,nvidia,cosmos-transfer1-7b,https://build.nvidia.com/nvidia/cosmos-transfer1-7b,從文字與空間控制輸入生成物理一致的影片世界狀態，產生機器人/自駕訓練資料。,Physical AI / Simulation / AV API,影片、相機/雷達資料、HD map、控制條件、模擬場景或 prompt,合成影片、未來世界狀態、3D 偵測、BEV 結果、規劃/推理結果,1. 定義場景與感測器資料格式。2. 呼叫模型生成/理解/預測場景。3. 將輸出送入訓練、評估或模擬迴圈。4. 與真實資料比對。5. 對安全關鍵結果保留人工與規則驗證。,機器人訓練資料生成、自駕感知評估、模擬測試、Physical AI pipeline,先用 20-50 筆代表資料測 latency、準確率與成本，再決定雲端端點或自部署。,Free Endpoint,Synthetic Data Generation,Autonomous Vehicles; Physical AI; robotics; video-to-world,Generates physics-aware video world states for physical AI development using text prompts and multiple spatial control inputs derived from real-world data or simulation.
131,33,Physical AI / 自駕 / 機器人,物理一致影片生成,nvidia,cosmos-transfer2.5-2b,https://build.nvidia.com/nvidia/cosmos-transfer2_5-2b,從文字與空間控制輸入生成物理一致的影片世界狀態，產生機器人/自駕訓練資料。,Physical AI / Simulation / AV API,影片、相機/雷達資料、HD map、控制條件、模擬場景或 prompt,合成影片、未來世界狀態、3D 偵測、BEV 結果、規劃/推理結果,1. 定義場景與感測器資料格式。2. 呼叫模型生成/理解/預測場景。3. 將輸出送入訓練、評估或模擬迴圈。4. 與真實資料比對。5. 對安全關鍵結果保留人工與規則驗證。,機器人訓練資料生成、自駕感知評估、模擬測試、Physical AI pipeline,先用 20-50 筆代表資料測 latency、準確率與成本，再決定雲端端點或自部署。,Free Endpoint,Synthetic Data Generation,Autonomous Vehicles; Physical AI; robotics; video-to-world,Generates physics-aware video world states for physical AI development using text prompts and multiple spatial control inputs derived from real-world data or simulation.
132,38,Physical AI / 自駕 / 機器人,物理世界推理,nvidia,cosmos-reason2-8b,https://build.nvidia.com/nvidia/cosmos-reason2-8b,理解影片/圖像中的物理世界、物件互動與時序關係，支援機器人和自駕場景推理。,Physical AI / Simulation / AV API,影片、相機/雷達資料、HD map、控制條件、模擬場景或 prompt,合成影片、未來世界狀態、3D 偵測、BEV 結果、規劃/推理結果,1. 定義場景與感測器資料格式。2. 呼叫模型生成/理解/預測場景。3. 將輸出送入訓練、評估或模擬迴圈。4. 與真實資料比對。5. 對安全關鍵結果保留人工與規則驗證。,機器人訓練資料生成、自駕感知評估、模擬測試、Physical AI pipeline,先用 20-50 筆代表資料測 latency、準確率與成本，再決定雲端端點或自部署。,Download Available,Synthetic Data Generation,video understanding; autonomous vehicles; industrial; Physical AI; vision language model; reasoning,Vision language model that excels in understanding the physical world using structured reasoning on videos or images.
133,91,Physical AI / 自駕 / 機器人,未來世界狀態預測,nvidia,cosmos-predict1-5b,https://build.nvidia.com/nvidia/cosmos-predict1-5b,根據圖片或短影片預測未來畫面/世界狀態，用於機器人與自駕模型測試。,Physical AI / Simulation / AV API,影片、相機/雷達資料、HD map、控制條件、模擬場景或 prompt,合成影片、未來世界狀態、3D 偵測、BEV 結果、規劃/推理結果,1. 定義場景與感測器資料格式。2. 呼叫模型生成/理解/預測場景。3. 將輸出送入訓練、評估或模擬迴圈。4. 與真實資料比對。5. 對安全關鍵結果保留人工與規則驗證。,機器人訓練資料生成、自駕感知評估、模擬測試、Physical AI pipeline,先用 20-50 筆代表資料測 latency、準確率與成本，再決定雲端端點或自部署。,Free Endpoint,Synthetic Data Generation,Physical AI; policy evaluation; robotics; video-to-world,Generates future frames of a physics-aware world state based on simply an image or short video prompt for physical AI development.
134,93,Physical AI / 自駕 / 機器人,自駕 3D 感知,nvidia,bevformer,https://build.nvidia.com/nvidia/bevformer,做自駕車 3D 感知、鳥瞰圖理解或物件偵測，支援自駕資料分析與模型驗證。,Physical AI / Simulation / AV API,影片、相機/雷達資料、HD map、控制條件、模擬場景或 prompt,合成影片、未來世界狀態、3D 偵測、BEV 結果、規劃/推理結果,1. 定義場景與感測器資料格式。2. 呼叫模型生成/理解/預測場景。3. 將輸出送入訓練、評估或模擬迴圈。4. 與真實資料比對。5. 對安全關鍵結果保留人工與規則驗證。,機器人訓練資料生成、自駕感知評估、模擬測試、Physical AI pipeline,先用 20-50 筆代表資料測 latency、準確率與成本，再決定雲端端點或自部署。,Free Endpoint,(未標示),autonomous vehicles; bev; automotive; perception,Advanced transformer for multi-frame bird's-eye-view 3D perception in autonomous driving.
135,46,Physical AI / 自駕 / 機器人,自駕 3D 感知,nvidia,streampetr,https://build.nvidia.com/nvidia/streampetr,做自駕車 3D 感知、鳥瞰圖理解或物件偵測，支援自駕資料分析與模型驗證。,Physical AI / Simulation / AV API,影片、相機/雷達資料、HD map、控制條件、模擬場景或 prompt,合成影片、未來世界狀態、3D 偵測、BEV 結果、規劃/推理結果,1. 定義場景與感測器資料格式。2. 呼叫模型生成/理解/預測場景。3. 將輸出送入訓練、評估或模擬迴圈。4. 與真實資料比對。5. 對安全關鍵結果保留人工與規則驗證。,機器人訓練資料生成、自駕感知評估、模擬測試、Physical AI pipeline,先用 20-50 筆代表資料測 latency、準確率與成本，再決定雲端端點或自部署。,Free Endpoint,(未標示),autonomous vehicles; bev; AV Stack; automotive,StreamPETR offers efficient 3D object detection for autonomous driving by propagating sparse object queries temporally.
136,92,Physical AI / 自駕 / 機器人,自駕端到端 Stack,nvidia,sparsedrive,https://build.nvidia.com/nvidia/sparsedrive,整合感知、預測與規劃，適合自駕研究、場景評估與策略驗證。,Physical AI / Simulation / AV API,影片、相機/雷達資料、HD map、控制條件、模擬場景或 prompt,合成影片、未來世界狀態、3D 偵測、BEV 結果、規劃/推理結果,1. 定義場景與感測器資料格式。2. 呼叫模型生成/理解/預測場景。3. 將輸出送入訓練、評估或模擬迴圈。4. 與真實資料比對。5. 對安全關鍵結果保留人工與規則驗證。,機器人訓練資料生成、自駕感知評估、模擬測試、Physical AI pipeline,先用 20-50 筆代表資料測 latency、準確率與成本，再決定雲端端點或自部署。,Free Endpoint,(未標示),autonomous vehicles; bev; av stack; automotive,"End-to-end autonomous driving stack integrating perception, prediction, and planning with sparse scene representations for efficiency and safety."
137,60,3D / OpenUSD / 數位分身,文字/圖片轉 3D,microsoft,TRELLIS,https://build.nvidia.com/microsoft/trellis,從文字或圖片生成 3D 資產，支援遊戲、數位分身、模擬與創作流程。,3D / OpenUSD API,文字 prompt、圖片、OpenUSD 檔案、USD-Python 問題或驗證規則,3D asset、USD-Python 程式碼、驗證報告或修正建議,1. 準備 3D 需求、參考圖或 USD 資產。2. 呼叫模型生成/驗證/回答。3. 在 Omniverse 或 DCC 工具中載入。4. 進行材質、尺度、規則檢查。5. 納入數位分身資產庫。,Omniverse、OpenUSD pipeline、遊戲/模擬資產生成、數位分身驗證,先用 20-50 筆代表資料測 latency、準確率與成本，再決定雲端端點或自部署。,Download Available,(未標示),text-to-3d; Run-on-RTX; image-to-3d,MSFT TRELLIS is a 3D AI model that generates high-quality 3D assets from text or image inputs.
138,117,3D / OpenUSD / 數位分身,OpenUSD 程式碼生成,nvidia,usdcode,https://build.nvidia.com/nvidia/usdcode,回答 OpenUSD 問題並產生 USD-Python 程式碼，協助建立或修改數位分身場景。,3D / OpenUSD API,文字 prompt、圖片、OpenUSD 檔案、USD-Python 問題或驗證規則,3D asset、USD-Python 程式碼、驗證報告或修正建議,1. 準備 3D 需求、參考圖或 USD 資產。2. 呼叫模型生成/驗證/回答。3. 在 Omniverse 或 DCC 工具中載入。4. 進行材質、尺度、規則檢查。5. 納入數位分身資產庫。,Omniverse、OpenUSD pipeline、遊戲/模擬資產生成、數位分身驗證,先用 20-50 筆代表資料測 latency、準確率與成本，再決定雲端端點或自部署。,Free Endpoint,Digital Twin; Synthetic Data Generation; Code Generation,OpenUSD; Chat,State-of-the-art LLM that answers OpenUSD knowledge queries and generates USD-Python code.
139,139,3D / OpenUSD / 數位分身,OpenUSD 資產驗證,nvidia,usdvalidate,https://build.nvidia.com/nvidia/usdvalidate,檢查 OpenUSD 資產是否符合 RTX 渲染與規則要求，支援數位分身資產驗證。,3D / OpenUSD API,文字 prompt、圖片、OpenUSD 檔案、USD-Python 問題或驗證規則,3D asset、USD-Python 程式碼、驗證報告或修正建議,1. 準備 3D 需求、參考圖或 USD 資產。2. 呼叫模型生成/驗證/回答。3. 在 Omniverse 或 DCC 工具中載入。4. 進行材質、尺度、規則檢查。5. 納入數位分身資產庫。,Omniverse、OpenUSD pipeline、遊戲/模擬資產生成、數位分身驗證,先用 20-50 筆代表資料測 latency、準確率與成本，再決定雲端端點或自部署。,Free Endpoint,Digital Twin; Synthetic Data Generation,Validation; OpenUSD; USD; Visualization 3D,Verify compatibility of OpenUSD assets with instant RTX render and rule-based validation.
140,131,生醫與藥物探索,蛋白質/分子結構預測,deepmind,alphafold2,https://build.nvidia.com/deepmind/alphafold2,預測蛋白質、核酸、配體或生物分子複合體的 3D 結構，支援藥物探索與生物研究。,Healthcare / BioNeMo API,蛋白質序列、MSA、分子 SMILES、蛋白 backbone、配體/受體資料或 DNA 序列,3D 結構、候選分子、蛋白序列、embedding、docking pose 或序列分析結果,1. 準備 FASTA/SMILES/PDB 等標準格式。2. 呼叫對應 Bio/Healthcare 模型。3. 對輸出做物理/化學可行性與品質評估。4. 排序候選。5. 交給 wet lab、分子模擬或下游分析。,藥物探索平台、蛋白設計流程、分子篩選、生物研究 pipeline,先用 20-50 筆代表資料測 latency、準確率與成本，再決定雲端端點或自部署。,Download Available,Drug Discovery,nim; Bionemo; Biology; protein folding,Predicts the 3D structure of a protein from its amino acid sequence.
141,129,生醫與藥物探索,蛋白質/分子結構預測,deepmind,alphafold2-multimer,https://build.nvidia.com/deepmind/alphafold2-multimer,預測蛋白質、核酸、配體或生物分子複合體的 3D 結構，支援藥物探索與生物研究。,Healthcare / BioNeMo API,蛋白質序列、MSA、分子 SMILES、蛋白 backbone、配體/受體資料或 DNA 序列,3D 結構、候選分子、蛋白序列、embedding、docking pose 或序列分析結果,1. 準備 FASTA/SMILES/PDB 等標準格式。2. 呼叫對應 Bio/Healthcare 模型。3. 對輸出做物理/化學可行性與品質評估。4. 排序候選。5. 交給 wet lab、分子模擬或下游分析。,藥物探索平台、蛋白設計流程、分子篩選、生物研究 pipeline,先用 20-50 筆代表資料測 latency、準確率與成本，再決定雲端端點或自部署。,Download Available,Drug Discovery,nim; Bionemo; Biology; protein folding,Predicts the 3D structure of a protein from its amino acid sequence.
142,154,生醫與藥物探索,蛋白質/分子結構預測,meta,esmfold,https://build.nvidia.com/meta/esmfold,預測蛋白質、核酸、配體或生物分子複合體的 3D 結構，支援藥物探索與生物研究。,Healthcare / BioNeMo API,蛋白質序列、MSA、分子 SMILES、蛋白 backbone、配體/受體資料或 DNA 序列,3D 結構、候選分子、蛋白序列、embedding、docking pose 或序列分析結果,1. 準備 FASTA/SMILES/PDB 等標準格式。2. 呼叫對應 Bio/Healthcare 模型。3. 對輸出做物理/化學可行性與品質評估。4. 排序候選。5. 交給 wet lab、分子模擬或下游分析。,藥物探索平台、蛋白設計流程、分子篩選、生物研究 pipeline,先用 20-50 筆代表資料測 latency、準確率與成本，再決定雲端端點或自部署。,Free Endpoint,(未標示),biology; nim; Bionemo; protein folding; Drug Discovery,Predicts the 3D structure of a protein from its amino acid sequence.
143,83,生醫與藥物探索,蛋白質/分子結構預測,mit,Boltz-2,https://build.nvidia.com/mit/boltz2,預測蛋白質、核酸、配體或生物分子複合體的 3D 結構，支援藥物探索與生物研究。,Healthcare / BioNeMo API,蛋白質序列、MSA、分子 SMILES、蛋白 backbone、配體/受體資料或 DNA 序列,3D 結構、候選分子、蛋白序列、embedding、docking pose 或序列分析結果,1. 準備 FASTA/SMILES/PDB 等標準格式。2. 呼叫對應 Bio/Healthcare 模型。3. 對輸出做物理/化學可行性與品質評估。4. 排序候選。5. 交給 wet lab、分子模擬或下游分析。,藥物探索平台、蛋白設計流程、分子篩選、生物研究 pipeline,先用 20-50 筆代表資料測 latency、準確率與成本，再決定雲端端點或自部署。,Download Available,Drug Discovery,nim; Bionemo; Biology; Protein Folding,Predict complex structures using Boltz-2.
144,102,生醫與藥物探索,蛋白質/分子結構預測,openfold,openfold2,https://build.nvidia.com/openfold/openfold2,預測蛋白質、核酸、配體或生物分子複合體的 3D 結構，支援藥物探索與生物研究。,Healthcare / BioNeMo API,蛋白質序列、MSA、分子 SMILES、蛋白 backbone、配體/受體資料或 DNA 序列,3D 結構、候選分子、蛋白序列、embedding、docking pose 或序列分析結果,1. 準備 FASTA/SMILES/PDB 等標準格式。2. 呼叫對應 Bio/Healthcare 模型。3. 對輸出做物理/化學可行性與品質評估。4. 排序候選。5. 交給 wet lab、分子模擬或下游分析。,藥物探索平台、蛋白設計流程、分子篩選、生物研究 pipeline,先用 20-50 筆代表資料測 latency、準確率與成本，再決定雲端端點或自部署。,Download Available,Drug Discovery,nim; Bionemo; Biology; Protein Folding,"Predicts the 3D structure of a protein from its amino acid sequence, multiple sequence alignments, and templates."
145,50,生醫與藥物探索,蛋白質/分子結構預測,openfold,openfold3,https://build.nvidia.com/openfold/openfold3,預測蛋白質、核酸、配體或生物分子複合體的 3D 結構，支援藥物探索與生物研究。,Healthcare / BioNeMo API,蛋白質序列、MSA、分子 SMILES、蛋白 backbone、配體/受體資料或 DNA 序列,3D 結構、候選分子、蛋白序列、embedding、docking pose 或序列分析結果,1. 準備 FASTA/SMILES/PDB 等標準格式。2. 呼叫對應 Bio/Healthcare 模型。3. 對輸出做物理/化學可行性與品質評估。4. 排序候選。5. 交給 wet lab、分子模擬或下游分析。,藥物探索平台、蛋白設計流程、分子篩選、生物研究 pipeline,先用 20-50 筆代表資料測 latency、準確率與成本，再決定雲端端點或自部署。,Download Available,Drug Discovery,Biology; Protein Folding,"OpenFold3 is a third-generation biomolecular foundation model that predicts the three-dimensional structures of molecular complexes (proteins, DNA, RNA, ligands)"
146,136,生醫與藥物探索,蛋白質設計,ipd,proteinmpnn,https://build.nvidia.com/ipd/proteinmpnn,設計蛋白質骨架或依骨架生成胺基酸序列，支援 protein binder 與蛋白工程。,Healthcare / BioNeMo API,蛋白質序列、MSA、分子 SMILES、蛋白 backbone、配體/受體資料或 DNA 序列,3D 結構、候選分子、蛋白序列、embedding、docking pose 或序列分析結果,1. 準備 FASTA/SMILES/PDB 等標準格式。2. 呼叫對應 Bio/Healthcare 模型。3. 對輸出做物理/化學可行性與品質評估。4. 排序候選。5. 交給 wet lab、分子模擬或下游分析。,藥物探索平台、蛋白設計流程、分子篩選、生物研究 pipeline,先用 20-50 筆代表資料測 latency、準確率與成本，再決定雲端端點或自部署。,Download Available,Drug Discovery,biology; nim; BioNemo; Protein Generation,ProteinMPNN is a deep learning model for predicting amino acid sequences for protein backbones.
147,148,生醫與藥物探索,蛋白質設計,ipd,rfdiffusion,https://build.nvidia.com/ipd/rfdiffusion,設計蛋白質骨架或依骨架生成胺基酸序列，支援 protein binder 與蛋白工程。,Healthcare / BioNeMo API,蛋白質序列、MSA、分子 SMILES、蛋白 backbone、配體/受體資料或 DNA 序列,3D 結構、候選分子、蛋白序列、embedding、docking pose 或序列分析結果,1. 準備 FASTA/SMILES/PDB 等標準格式。2. 呼叫對應 Bio/Healthcare 模型。3. 對輸出做物理/化學可行性與品質評估。4. 排序候選。5. 交給 wet lab、分子模擬或下游分析。,藥物探索平台、蛋白設計流程、分子篩選、生物研究 pipeline,先用 20-50 筆代表資料測 latency、準確率與成本，再決定雲端端點或自部署。,Download Available,Drug Discovery,biology; nim; BioNemo; Protein Generation,A generative model of protein backbones for protein binder design.
148,130,生醫與藥物探索,蛋白質嵌入向量,meta,esm2-650m,https://build.nvidia.com/meta/esm2-650m,將蛋白質序列轉成向量表示，用於蛋白質搜尋、相似度分析與下游生物模型。,Healthcare / BioNeMo API,蛋白質序列、MSA、分子 SMILES、蛋白 backbone、配體/受體資料或 DNA 序列,3D 結構、候選分子、蛋白序列、embedding、docking pose 或序列分析結果,1. 準備 FASTA/SMILES/PDB 等標準格式。2. 呼叫對應 Bio/Healthcare 模型。3. 對輸出做物理/化學可行性與品質評估。4. 排序候選。5. 交給 wet lab、分子模擬或下游分析。,藥物探索平台、蛋白設計流程、分子篩選、生物研究 pipeline,先用 20-50 筆代表資料測 latency、準確率與成本，再決定雲端端點或自部署。,Free Endpoint,Drug Discovery,nim; Protein Embedding; BioNemo; Biology,Generates embeddings of proteins from their amino acid sequences.
149,101,生醫與藥物探索,多序列比對,colabfold,msa-search,https://build.nvidia.com/colabfold/msa-search,替蛋白質序列建立多序列比對，作為結構預測與演化分析前處理。,Healthcare / BioNeMo API,蛋白質序列、MSA、分子 SMILES、蛋白 backbone、配體/受體資料或 DNA 序列,3D 結構、候選分子、蛋白序列、embedding、docking pose 或序列分析結果,1. 準備 FASTA/SMILES/PDB 等標準格式。2. 呼叫對應 Bio/Healthcare 模型。3. 對輸出做物理/化學可行性與品質評估。4. 排序候選。5. 交給 wet lab、分子模擬或下游分析。,藥物探索平台、蛋白設計流程、分子篩選、生物研究 pipeline,先用 20-50 筆代表資料測 latency、準確率與成本，再決定雲端端點或自部署。,Download Available,Drug Discovery,nim; Bionemo; Biology; Protein Folding,Generates a multiple sequence alignment from a query sequence and a protein sequence database search.
150,155,生醫與藥物探索,分子 Docking,mit,diffdock,https://build.nvidia.com/mit/diffdock,預測小分子與蛋白質的結合姿態，用於 docking、候選分子篩選與藥物設計。,Healthcare / BioNeMo API,蛋白質序列、MSA、分子 SMILES、蛋白 backbone、配體/受體資料或 DNA 序列,3D 結構、候選分子、蛋白序列、embedding、docking pose 或序列分析結果,1. 準備 FASTA/SMILES/PDB 等標準格式。2. 呼叫對應 Bio/Healthcare 模型。3. 對輸出做物理/化學可行性與品質評估。4. 排序候選。5. 交給 wet lab、分子模擬或下游分析。,藥物探索平台、蛋白設計流程、分子篩選、生物研究 pipeline,先用 20-50 筆代表資料測 latency、準確率與成本，再決定雲端端點或自部署。,Download Available,Drug Discovery,Chemistry; nim; BioNemo; Docking,Predicts the 3D structure of how a molecule interacts with a protein.
151,113,生醫與藥物探索,小分子生成/最佳化,nvidia,genmol,https://build.nvidia.com/nvidia/genmol-generate,生成或最佳化具有目標性質的小分子，支援早期藥物候選探索。,Healthcare / BioNeMo API,蛋白質序列、MSA、分子 SMILES、蛋白 backbone、配體/受體資料或 DNA 序列,3D 結構、候選分子、蛋白序列、embedding、docking pose 或序列分析結果,1. 準備 FASTA/SMILES/PDB 等標準格式。2. 呼叫對應 Bio/Healthcare 模型。3. 對輸出做物理/化學可行性與品質評估。4. 排序候選。5. 交給 wet lab、分子模擬或下游分析。,藥物探索平台、蛋白設計流程、分子篩選、生物研究 pipeline,先用 20-50 筆代表資料測 latency、準確率與成本，再決定雲端端點或自部署。,Download Available,Drug Discovery,Chemistry; nim; BioNemo; Molecule Generation,Fragment-Based Molecular Generation by Discrete Diffusion.
152,153,生醫與藥物探索,小分子生成/最佳化,nvidia,molmim,https://build.nvidia.com/nvidia/molmim-generate,生成或最佳化具有目標性質的小分子，支援早期藥物候選探索。,Healthcare / BioNeMo API,蛋白質序列、MSA、分子 SMILES、蛋白 backbone、配體/受體資料或 DNA 序列,3D 結構、候選分子、蛋白序列、embedding、docking pose 或序列分析結果,1. 準備 FASTA/SMILES/PDB 等標準格式。2. 呼叫對應 Bio/Healthcare 模型。3. 對輸出做物理/化學可行性與品質評估。4. 排序候選。5. 交給 wet lab、分子模擬或下游分析。,藥物探索平台、蛋白設計流程、分子篩選、生物研究 pipeline,先用 20-50 筆代表資料測 latency、準確率與成本，再決定雲端端點或自部署。,Download Available,Drug Discovery,Chemistry; nim; BioNemo; Molecule Generation,"MolMIM performs controlled generation, finding molecules with the right properties."
153,107,生醫與藥物探索,基因體序列建模,arc,evo2-40b,https://build.nvidia.com/arc/evo2-40b,分析長基因序列並捕捉單核苷酸變異影響，適合基因體研究與生物序列建模。,Healthcare / BioNeMo API,蛋白質序列、MSA、分子 SMILES、蛋白 backbone、配體/受體資料或 DNA 序列,3D 結構、候選分子、蛋白序列、embedding、docking pose 或序列分析結果,1. 準備 FASTA/SMILES/PDB 等標準格式。2. 呼叫對應 Bio/Healthcare 模型。3. 對輸出做物理/化學可行性與品質評估。4. 排序候選。5. 交給 wet lab、分子模擬或下游分析。,藥物探索平台、蛋白設計流程、分子篩選、生物研究 pipeline,先用 20-50 筆代表資料測 latency、準確率與成本，再決定雲端端點或自部署。,Download Available,Drug Discovery,DNA Generation; biology; nim; Bionemo,Evo 2 is a biological foundation model that is able to integrate information over long genomic sequences while retaining sensitivity to single-nucleotide changes.
154,15,科學與工程模擬,量子校準,nvidia,ising-calibration-1-35b-a3b,https://build.nvidia.com/nvidia/ising-calibration-1-35b-a3b,理解量子電腦校準圖表與量測資料，輔助量子晶片校準與錯誤修正工作流。,Scientific / Optimization API,科學量測資料、天氣場、醫學影像、路線/車隊/約束條件等,校準判讀、預測場、分割 mask、最佳路線/排程方案,1. 將領域資料轉成模型要求格式。2. 呼叫模型或最佳化服務。3. 驗證輸出是否滿足物理/業務限制。4. 與既有模擬器或決策系統整合。5. 建立監控與人工覆核。,科學分析平台、醫學影像工具、氣象系統、物流最佳化引擎,先用 20-50 筆代表資料測 latency、準確率與成本，再決定雲端端點或自部署。,Download Available,(未標示),Quantum; reasoning; Vision Language Model; calibration,Open VLM for quantum computer calibration chart understanding across a range of qubit modalities.
155,122,科學與工程模擬,天氣/氣候預測,nvidia,fourcastnet,https://build.nvidia.com/nvidia/fourcastnet,快速預測全球天氣與氣候變數，用於氣象模擬、風險分析與 Earth-2 工作流。,Scientific / Optimization API,科學量測資料、天氣場、醫學影像、路線/車隊/約束條件等,校準判讀、預測場、分割 mask、最佳路線/排程方案,1. 將領域資料轉成模型要求格式。2. 呼叫模型或最佳化服務。3. 驗證輸出是否滿足物理/業務限制。4. 與既有模擬器或決策系統整合。5. 建立監控與人工覆核。,科學分析平台、醫學影像工具、氣象系統、物流最佳化引擎,先用 20-50 筆代表資料測 latency、準確率與成本，再決定雲端端點或自部署。,Download Available,Weather Simulation,AI Weather Prediction; climate science; Earth-2,FourCastNet predicts global atmospheric dynamics of various weather / climate variables.
156,152,科學與工程模擬,醫學影像分割,nvidia,vista-3d,https://build.nvidia.com/nvidia/vista-3d,互動式分割與標註人體解剖結構，適合醫學影像分析與輔助標註。,Scientific / Optimization API,科學量測資料、天氣場、醫學影像、路線/車隊/約束條件等,校準判讀、預測場、分割 mask、最佳路線/排程方案,1. 將領域資料轉成模型要求格式。2. 呼叫模型或最佳化服務。3. 驗證輸出是否滿足物理/業務限制。4. 與既有模擬器或決策系統整合。5. 建立監控與人工覆核。,科學分析平台、醫學影像工具、氣象系統、物流最佳化引擎,先用 20-50 筆代表資料測 latency、準確率與成本，再決定雲端端點或自部署。,Download Available,Medical Imaging,Interactive Annotation; Image Segmentation; Non-Commercial Use Only,VISTA-3D is a specialized interactive foundation model for segmenting and anotating human anatomies.
157,157,科學與工程模擬,路線/組合最佳化,nvidia,cuopt,https://build.nvidia.com/nvidia/nvidia-cuopt,求解車隊配送、路線規劃、排程與複雜組合最佳化問題。,Scientific / Optimization API,科學量測資料、天氣場、醫學影像、路線/車隊/約束條件等,校準判讀、預測場、分割 mask、最佳路線/排程方案,1. 將領域資料轉成模型要求格式。2. 呼叫模型或最佳化服務。3. 驗證輸出是否滿足物理/業務限制。4. 與既有模擬器或決策系統整合。5. 建立監控與人工覆核。,科學分析平台、醫學影像工具、氣象系統、物流最佳化引擎,先用 20-50 筆代表資料測 latency、準確率與成本，再決定雲端端點或自部署。,Download Available,Route Optimization,,World-record accuracy and performance for complex route optimization.
