page,publisher,name,url,nimType,usecase,general,description,dateCreated,lastMonthApiInvocations
1,moonshotai,kimi-k2.6,https://build.nvidia.com/moonshotai/kimi-k2.6,Download Available; Partner Endpoint,Image-to-Text,Multimodal; Reasoning; Mixture-of-Experts,"1T multimodal MoE for long-horizon coding, agentic tool use, and image/video understanding.",2026-05-01,1503092
1,qwen,qwen-image,https://build.nvidia.com/qwen/qwen-image,Partner Endpoint; Download Available,Text-to-Image; Image Generation,,Qwen-Image is a text-to-image foundation model with advanced multilingual text rendering.,2026-05-01,0
1,qwen,qwen-image-edit,https://build.nvidia.com/qwen/qwen-image-edit,Partner Endpoint; Download Available,Text-to-Image; Image Generation,,Qwen-Image-Edit is an image editing model with multilingual text editing and strong subject consistency.,2026-05-01,0
1,mistralai,mistral-medium-3.5-128b,https://build.nvidia.com/mistralai/mistral-medium-3.5-128b,Download Available,,coding; reasoning; text; agentic,"A high performing model for text generation, coding and agentic use cases",2026-04-29,964635
1,nvidia,nemotron-3-nano-omni-30b-a3b-reasoning,https://build.nvidia.com/nvidia/nemotron-3-nano-omni-30b-a3b-reasoning,Download Available; Partner Endpoint,Image-to-Text,VLM; Video; Omni; OCR,"Nemotron 3 Nano Omni is an omni-modal reasoning model that understands images, video, speech, text.",2026-04-28,4247691
1,deepseek-ai,deepseek-v4-flash,https://build.nvidia.com/deepseek-ai/deepseek-v4-flash,Partner Endpoint; Download Available,,coding; MoE; fast; agentic,DeepSeek V4 Flash is a 284B MoE model with 1M-token context optimized for fast coding and agents.,2026-04-24,5553224
1,deepseek-ai,deepseek-v4-pro,https://build.nvidia.com/deepseek-ai/deepseek-v4-pro,Download Available; Partner Endpoint,,Moe; reasoning; coding; agentic,DeepSeek V4 scales to 1M-token context windows with efficient MoE architecture for coding tasks.,2026-04-24,4429023
1,z-ai,glm-5.1,https://build.nvidia.com/z-ai/glm-5.1,Partner Endpoint; Download Available,,Agentic AI; Coding; Reasoning; Tool Use,"GLM-5.1 is a flagship LLM for agentic workflows, coding, and long-horizon reasoning tasks.",2026-04-18,12951482
1,z-ai,glm-4.7,https://build.nvidia.com/z-ai/glm-4.7,Partner Endpoint; Free Endpoint,,Tool Calling; Coding; Reasoning; Multilingual,"GLM-4.7 is a multilingual agentic coding partner with stronger reasoning, tool use, and UI skills.",2026-04-17,11169782
1,nvidia,NVIDIA AI for Media Relighting,https://build.nvidia.com/nvidia/relighting,Download Available,,HDRI; remote contribution; lighting; nvidia ai for media,Re-illuminate people in video to match target lighting from a 360 HDRI environment map.,2026-04-17,517
1,nvidia,nemotron-3-content-safety,https://build.nvidia.com/nvidia/nemotron-3-content-safety,Free Endpoint,,llm safety; safety and moderation; multilingual content safety; ai safety nemo guardrails,"Multilingual, multimodal model for detecting unsafe and toxic content.",2026-04-16,59326
1,nvidia,synthetic-video-detector,https://build.nvidia.com/nvidia/synthetic-video-detector,Download Available; Free Endpoint,,broadcast; media2; forensics; nvidia ai for media; diffusion models,NVIDIA Synthetic Video Detector is an AI-powered micro-service for detecting AI‑generated (synthetic) videos.,2026-04-16,57503
1,nvidia,Active Speaker Detection,https://build.nvidia.com/nvidia/active-speaker-detection,Download Available; Free Endpoint,,localization; speaker detection; dubbing; nvidia ai for media; broadcast-logging,Detect and track speaker identities across video frames.,2026-04-16,1213
1,nvidia,LipSync,https://build.nvidia.com/nvidia/lipsync,Download Available,,lipsync; localization; news; sports; dubbing; translation,Generative lip dubbing that syncs lips in a video to input audio.,2026-04-16,0
1,nvidia,ising-calibration-1-35b-a3b,https://build.nvidia.com/nvidia/ising-calibration-1-35b-a3b,Download Available,,Quantum; reasoning; Vision Language Model; calibration,Open VLM for quantum computer calibration chart understanding across a range of qubit modalities.,2026-04-14,218596
1,minimaxai,minimax-m2.7,https://build.nvidia.com/minimaxai/minimax-m2.7,Partner Endpoint; Free Endpoint,,coding; text-to-text; reasoning,"MiniMax M2.7 is a 230B-parameter text-to-text AI model excelling in coding, reasoning, and office tasks.",2026-04-12,9837894
1,google,gemma-4-31b-it,https://build.nvidia.com/google/gemma-4-31b-it,Download Available; Partner Endpoint,,coding; text-to-text; reasoning; agentic,"Dense 31B model delivering frontier reasoning for coding, agentic workflows, and fine-tuning.",2026-04-02,5466074
1,nvidia,llama-nemotron-rerank-vl-1b-v2,https://build.nvidia.com/nvidia/llama-nemotron-rerank-vl-1b-v2,Partner Endpoint; Download Available,Retrieval Augmented Generation,nemo retriever; reranking,GPU-accelerated model optimized for providing a probability score that a given passage contains the information to answer a question.,2026-03-31,70574
1,mistralai,mistral-small-4-119b-2603,https://build.nvidia.com/mistralai/mistral-small-4-119b-2603,Partner Endpoint; Download Available,,code generation; reasoning; image-to-text,"Hybrid MoE model unifying instruct, reasoning, and coding with multimodal input and 256k context",2026-03-16,12187822
1,nvidia,nemotron-voicechat,https://build.nvidia.com/nvidia/nemotron-voicechat,Free Endpoint,,English; voice chat; NVIDIA NIM,Nemotron 3 Voicechat,2026-03-16,2507
1,nvidia,nemotron-asr-streaming,https://build.nvidia.com/nvidia/nemotron-asr-streaming,Download Available,,Automatic Speech Recognition; NVIDIA NIM; NVIDIA Riva,Real-time speech recognition for English,2026-03-14,17152
1,black-forest-labs,flux.2-klein-4b,https://build.nvidia.com/black-forest-labs/flux_2-klein-4b,Partner Endpoint; Download Available,Text-to-Image; Image Generation,Run-on-RTX,"FLUX.2-klein-4B is a distilled image generation and editing model, producing outputs at lighting speed",2026-03-13,217154
1,nvidia,nemotron-ocr-v1,https://build.nvidia.com/nvidia/nemotron-ocr-v1,Download Available,Optical Character Recognition,Table Extraction; nemo retriever; data ingestion; extraction,"Powerful OCR model for fast, accurate real-world image text extraction, layout, and structure analysis.",2026-03-12,925145
1,nvidia,nemotron-3-super-120b-a12b,https://build.nvidia.com/nvidia/nemotron-3-super-120b-a12b,Download Available; Partner Endpoint,,MoE; Reasoning; Chat; Long Context; Instruction Following,"Open, efficient hybrid Mamba-Transformer MoE with 1M context, excelling in agentic reasoning, coding, planning, tool calling, and more",2026-03-11,47496589
2,nvidia,llama-nemotron-rerank-1b-v2,https://build.nvidia.com/nvidia/llama-nemotron-rerank-1b-v2,Download Available,Retrieval Augmented Generation,nemo retriever; reranking,GPU-accelerated model optimized for providing a probability score that a given passage contains the information to answer a question.,2026-03-06,176972
2,qwen,qwen3.5-122b-a10b,https://build.nvidia.com/qwen/qwen3.5-122b-a10b,Partner Endpoint; Download Available,,tool calling; text-to-text; reasoning; image-to-text,"122B MoE LLM (10B active) for coding, reasoning, multimodal chat. Agent-ready.",2026-03-05,10099157
2,nvidia,nemotron-table-structure-v1,https://build.nvidia.com/nvidia/nemotron-table-structure-v1,Download Available,Object Detection,Object Detection; Chart Detection; nemo retriever; Table Detection; data ingestion,"Model for object detection, fine-tuned to detect charts, tables, and titles in documents.",2026-03-04,18696
2,nvidia,nemotron-page-elements-v3,https://build.nvidia.com/nvidia/nemotron-page-elements-v3,Download Available,Object Detection,Object Detection; Chart Detection; Table Detection; data ingestion,"Model for object detection, fine-tuned to detect charts, tables, and titles in documents.",2026-03-04,65202
2,nvidia,nemotron-graphic-elements-v1,https://build.nvidia.com/nvidia/nemotron-graphic-elements-v1,Download Available,Object Detection,Object Detection; Chart Detection; nemo retriever; Table Detection; data ingestion,"Model for object detection, fine-tuned to detect charts, tables, and titles in documents.",2026-03-04,21501
2,nvidia,llama-nemotron-embed-1b-v2,https://build.nvidia.com/nvidia/llama-nemotron-embed-1b-v2,Download Available,Text-to-Embedding; Retrieval Augmented Generation,NeMo Retriever,"Multilingual, cross-lingual embedding model for long-document QA retrieval, supporting 26 languages.",2026-03-04,37088875
2,nvidia,gliner-pii,https://build.nvidia.com/nvidia/gliner-pii,Free Endpoint,,PII Detection; NVIDIA NIM,GLiNER PII detects Personally Identifiable Information in text.,2026-03-03,179736
2,minimaxai,minimax-m2.5,https://build.nvidia.com/minimaxai/minimax-m2.5,Download Available; Partner Endpoint,,reasoning; coding; text-to-text,"MiniMax M2.5 is a 230B-parameter text-to-text AI model excelling in coding, reasoning, and office tasks.",2026-02-27,6948291
2,nvidia,cosmos-transfer2.5-2b,https://build.nvidia.com/nvidia/cosmos-transfer2_5-2b,Free Endpoint,Synthetic Data Generation,Autonomous Vehicles; Physical AI; robotics; video-to-world,Generates physics-aware video world states for physical AI development using text prompts and multiple spatial control inputs derived from real-world data or simulation.,2026-02-26,0
2,qwen,qwen3.5-397b-a17b,https://build.nvidia.com/qwen/qwen3.5-397b-a17b,Download Available; Partner Endpoint,,MoE; VLM; image-to-image; agentic,"Next-gen Qwen 3.5 VLM (400B MoE) brings advanced vision, chat, RAG, and agentic capabilities.",2026-02-16,9186234
2,nvidia,llama-nemotron-embed-vl-1b-v2,https://build.nvidia.com/nvidia/llama-nemotron-embed-vl-1b-v2,Partner Endpoint; Download Available,Text-to-Embedding; Retrieval Augmented Generation,nemo retriever; embedding,Multimodal question-answer retrieval representing user queries as text and documents as images.,2026-02-10,6117217
2,stepfun-ai,step-3.5-flash,https://build.nvidia.com/stepfun-ai/step-3.5-flash,Partner Endpoint; Free Endpoint,,Agentic; Coding; Reasoning,200B open-source reasoning engine with sparse MoE powering frontier agentic AI.,2026-02-02,9913705
2,nvidia,nemotron-content-safety-reasoning-4b,https://build.nvidia.com/nvidia/nemotron-content-safety-reasoning-4b,Free Endpoint,,NeMo Guardrails; Nemotron; reasoning; Safety and Moderation,A context‑aware safety model that applies reasoning to enforce domain‑specific policies.,2026-01-22,160278
2,nvidia,cosmos-reason2-8b,https://build.nvidia.com/nvidia/cosmos-reason2-8b,Download Available,Synthetic Data Generation,video understanding; autonomous vehicles; industrial; Physical AI; vision language model; reasoning,Vision language model that excels in understanding the physical world using structured reasoning on videos or images.,2025-12-27,457445
2,nvidia,nemoretriever-page-elements-v3,https://build.nvidia.com/nvidia/nemoretriever-page-elements-v3,Download Available,Object Detection,Object Detection; Chart Detection; nemo retriever; Table Detection; data ingestion,"Model for object detection, fine-tuned to detect charts, tables, and titles in documents.",2025-12-19,7224
2,nvidia,nemotron-3-nano-30b-a3b,https://build.nvidia.com/nvidia/nemotron-3-nano-30b-a3b,Partner Endpoint; Download Available,,MoE; Reasoning; Long Context; Instruction Following,"Open, efficient MoE model with 1M context, excelling in coding, reasoning, instruction following, tool calling, and more",2025-12-15,10289552
2,nvidia,riva-translate-4b-instruct-v1_1,https://build.nvidia.com/nvidia/riva-translate-4b-instruct-v1_1,Free Endpoint,Text Translation,nvidia nim; neural machine translation,Translation model in 12 languages with few-shots example prompts capability.,2025-12-12,309766
2,mistralai,devstral-2-123b-instruct-2512,https://build.nvidia.com/mistralai/devstral-2-123b-instruct-2512,Partner Endpoint; Free Endpoint,,coding; reasoning; text-to-code; agentic,"State-of-the-art open code model with deep reasoning, 256k context, and unmatched efficiency.",2025-12-09,2673865
2,moonshotai,kimi-k2-thinking,https://build.nvidia.com/moonshotai/kimi-k2-thinking,Partner Endpoint; Free Endpoint,,Conversational; Reasoning; Long Context; Function Calling,"Open reasoning model with 256K context window, native INT4 quantization and enhanced tool use.",2025-12-09,2370644
2,mistralai,mistral-large-3-675b-instruct-2512,https://build.nvidia.com/mistralai/mistral-large-3-675b-instruct-2512,Partner Endpoint; Free Endpoint,Image-to-Text,language generation; multimodal; agentic,"A state-of-the-art general purpose MoE VLM ideal for chat, agentic and instruction based use cases.",2025-12-02,4091952
2,mistralai,ministral-14b-instruct-2512,https://build.nvidia.com/mistralai/ministral-14b-instruct-2512,Download Available,Image-to-Text,language generation; SLM; multimodal,A general purpose VLM ideal for chat and instruction based use cases,2025-12-02,2318094
2,nvidia,streampetr,https://build.nvidia.com/nvidia/streampetr,Free Endpoint,,autonomous vehicles; bev; AV Stack; automotive,StreamPETR offers efficient 3D object detection for autonomous driving by propagating sparse object queries temporally.,2025-11-13,4298
2,nvidia,nemotron-parse,https://build.nvidia.com/nvidia/nemotron-parse,Download Available,,text and table extraction; document parsing; supported language - english,Cutting-edge vision-language model exceling in retrieving text and metadata from images.,2025-10-28,296207
2,nvidia,nemotron-nano-12b-v2-vl,https://build.nvidia.com/nvidia/nemotron-nano-12b-v2-vl,Download Available,Image-to-Text,language generation; vision assistant; visual question answering,"Nemotron Nano 12B v2 VL enables multi-image and video understanding, along with visual Q&A and summarization capabilities.",2025-10-28,2050597
3,nvidia,llama-3.1-nemotron-safety-guard-8b-v3,https://build.nvidia.com/nvidia/llama-3_1-nemotron-safety-guard-8b-v3,Free Endpoint,,content moderation; llm safety; multilingual guard model; multilingual content safety; nemoguard,Leading multilingual content safety model for enhancing the safety and moderation capabilities of LLMs,2025-10-28,109609
3,openfold,openfold3,https://build.nvidia.com/openfold/openfold3,Download Available,Drug Discovery,Biology; Protein Folding,"OpenFold3 is a third-generation biomolecular foundation model that predicts the three-dimensional structures of molecular complexes (proteins, DNA, RNA, ligands)",2025-10-24,71450
3,nvidia,parakeet-ctc-0.6b-zh-tw,https://build.nvidia.com/nvidia/parakeet-ctc-0_6b-zh-tw,Download Available,Speech-to-Text,ASR; Streaming; Taiwanese; NVIDIA NIM,Record-setting accuracy and performance for Mandarin Taiwanese English transcriptions.,2025-10-16,452
3,nvidia,llama-3_2-nemoretriever-300m-embed-v2,https://build.nvidia.com/nvidia/llama-3_2-nemoretriever-300m-embed-v2,Download Available,Text-to-Embedding; Retrieval Augmented Generation,NeMo Retriever,"Multilingual, cross-lingual embedding model for long-document QA retrieval, supporting 26 languages.",2025-10-02,98
3,stockmark,stockmark-2-100b-instruct,https://build.nvidia.com/stockmark/stockmark-2-100b-instruct,Download Available,,sovereign ai; japanese; stockmark; large language model,Japanese-specialized large-language-model for enterprises to read and understand complex business documents.,2025-09-24,1245132
3,qwen,qwen3-next-80b-a3b-instruct,https://build.nvidia.com/qwen/qwen3-next-80b-a3b-instruct,Partner Endpoint; Download Available,,text-generation; agentic,"Qwen3-Next Instruct blends hybrid attention, sparse MoE, and stability boosts for ultra-long context AI.",2025-09-22,18715519
3,qwen,qwen3-next-80b-a3b-thinking,https://build.nvidia.com/qwen/qwen3-next-80b-a3b-thinking,Partner Endpoint; Download Available,,Reasoning; Text-to-Text,"80B parameter AI model with hybrid reasoning, MoE architecture, support for 119 languages.",2025-09-11,1970962
3,nvidia,parakeet-ctc-0.6b-zh-cn,https://build.nvidia.com/nvidia/parakeet-ctc-0_6b-zh-cn,Download Available,Speech-to-Text,ASR; Streaming; Mandarin; NVIDIA NIM,Record-setting accuracy and performance for Mandarin English transcriptions.,2025-09-09,267
3,nvidia,parakeet-ctc-0.6b-es,https://build.nvidia.com/nvidia/parakeet-ctc-0_6b-es,Download Available,Speech-to-Text,ASR; Streaming; Spanish; NVIDIA NIM,Accurate and optimized Spanish English transcriptions with punctuation and word timestamps.,2025-09-09,157
3,nvidia,parakeet-ctc-0.6b-vi,https://build.nvidia.com/nvidia/parakeet-ctc-0_6b-vi,Download Available,Speech-to-Text,ASR; Streaming; Vietnamese; NVIDIA NIM,Accurate and optimized Vietnamese-English transcriptions with punctuation and word timestamps.,2025-09-08,77
3,bytedance,seed-oss-36b-instruct,https://build.nvidia.com/bytedance/seed-oss-36b-instruct,Free Endpoint,,thinking budget; reasoning; text-generation,"ByteDance open-source LLM with long-context, reasoning, and agentic intelligence.",2025-09-05,1111703
3,microsoft,TRELLIS,https://build.nvidia.com/microsoft/trellis,Download Available,,text-to-3d; Run-on-RTX; image-to-3d,MSFT TRELLIS is a 3D AI model that generates high-quality 3D assets from text or image inputs.,2025-09-03,3306
3,qwen,qwen3-coder-480b-a35b-instruct,https://build.nvidia.com/qwen/qwen3-coder-480b-a35b-instruct,Partner Endpoint; Free Endpoint,,agentic coding; moe; long context; browser use,"Excels in agentic coding and browser use and supports 256K context, delivering top results.",2025-09-02,3942330
3,nvidia,nvidia-nemotron-nano-9b-v2,https://build.nvidia.com/nvidia/nvidia-nemotron-nano-9b-v2,Partner Endpoint; Download Available,,thinking budget; reasoning,"High‑efficiency LLM with hybrid Transformer‑Mamba design, excelling in reasoning and agentic tasks.",2025-08-18,539484
3,stabilityai,stable-diffusion-3.5-large,https://build.nvidia.com/stabilityai/stable-diffusion-3_5-large,Download Available,Text-to-Image; Image Generation,,Stable Diffusion 3.5 is a popular text-to-image generation model,2025-08-12,0
3,black-forest-labs,FLUX.1-Kontext-dev,https://build.nvidia.com/black-forest-labs/flux_1-kontext-dev,Partner Endpoint; Download Available,Text-to-Image; Image Generation,Run-on-RTX,FLUX.1 Kontext is a multimodal model that enables in-context image generation and editing.,2025-08-12,3282
3,nvidia,nemoretriever-ocr-v1,https://build.nvidia.com/nvidia/nemoretriever-ocr-v1,Download Available,Optical Character Recognition,Table Extraction; nemo retriever; data ingestion; extraction,"Powerful OCR model for fast, accurate real-world image text extraction, layout, and structure analysis.",2025-08-08,2772111
3,openai,gpt-oss-20b,https://build.nvidia.com/openai/gpt-oss-20b,Download Available; Partner Endpoint,,reasoning; text-to-text; chat; math,Smaller Mixture of Experts (MoE) text-only LLM for efficient AI reasoning and math,2025-08-05,12602991
3,openai,gpt-oss-120b,https://build.nvidia.com/openai/gpt-oss-120b,Download Available; Partner Endpoint,,reasoning; text-to-text; chat; math,Mixture of Experts (MoE) reasoning LLM (text-only) designed to fit within 80GB GPU.,2025-08-05,30066031
3,nvidia,parakeet-tdt-0.6b-v2,https://build.nvidia.com/nvidia/parakeet-tdt-0_6b-v2,Download Available,,ASR; English; NVIDIA NIM; NVIDIA Riva; speech-to-text,Accurate and optimized English transcriptions with punctuation and word timestamps,2025-07-30,11419
3,nvidia,llama-3.3-nemotron-super-49b-v1.5,https://build.nvidia.com/nvidia/llama-3_3-nemotron-super-49b-v1_5,Partner Endpoint; Download Available,,math; advanced reasoning; instruction following; function calling,"High efficiency model with leading accuracy for reasoning, tool calling, chat, and instruction following.",2025-07-25,2878268
3,sarvamai,sarvam-m,https://build.nvidia.com/sarvamai/sarvam-m,Partner Endpoint; Download Available,,coding; indic languages; hybrid; reasoning; math; multilingual,"Multilingual, hybrid-reasoning model optimized for Indian language tasks, programming, mathematical reasoning capabilities.",2025-07-25,212383
3,nvidia,llama-3_2-nemoretriever-300m-embed-v1,https://build.nvidia.com/nvidia/llama-3_2-nemoretriever-300m-embed-v1,Free Endpoint,Text-to-Embedding; Retrieval Augmented Generation,NeMo Retriever,"Multilingual, cross-lingual embedding model for long-document QA retrieval, supporting 26 languages.",2025-07-24,663263
3,nvidia,nemoretriever-ocr,https://build.nvidia.com/nvidia/nemoretriever-ocr,Download Available,Optical Character Recognition,Table Extraction; nemo retriever; data ingestion; extraction,"Powerful OCR model for fast, accurate real-world image text extraction, layout, and structure analysis.",2025-07-24,6807
4,moonshotai,kimi-k2-instruct,https://build.nvidia.com/moonshotai/kimi-k2-instruct,Partner Endpoint; Free Endpoint,,coding; chat; advanced reasoning; agentic,"State-of-the-art open mixture-of-experts model with strong reasoning, coding, and agentic capabilities",2025-07-18,9971784
4,mistralai,magistral-small-2506,https://build.nvidia.com/mistralai/magistral-small-2506,Partner Endpoint; Free Endpoint,,coding; math; advanced reasoning; multilingual,High performance reasoning model optimized for efficiency and edge deployment,2025-07-10,1182402
4,meta,llama-guard-4-12b,https://build.nvidia.com/meta/llama-guard-4-12b,Partner Endpoint; Free Endpoint,,LLM Multimodal Safety; Content Safety; Guardrail; Content Moderator,Multi-modal model to classify safety for input prompts as well output responses.,2025-06-28,224437
4,nvidia,riva-translate-1.6b,https://build.nvidia.com/nvidia/riva-translate-1_6b,Download Available,Text Translation,Neural machine translation; NVIDIA NIM,Enable smooth global interactions in 36 languages.,2025-06-26,3015
4,google,gemma-3n-e4b-it,https://build.nvidia.com/google/gemma-3n-e4b-it,Partner Endpoint; Free Endpoint,,language generation; speech recognition; Visual QA; chat,"An edge computing AI model which accepts text, audio and image input, ideal for resource-constrained environments",2025-06-26,2106043
4,google,gemma-3n-e2b-it,https://build.nvidia.com/google/gemma-3n-e2b-it,Free Endpoint,,language generation; speech recognition; Visual QA; chat,"An edge computing AI model which accepts text, audio and image input, ideal for resource-constrained environments",2025-06-26,1546873
4,nvidia,llama-3.2-nemoretriever-500m-rerank-v2,https://build.nvidia.com/nvidia/llama-3_2-nemoretriever-500m-rerank-v2,Download Available,Retrieval Augmented Generation,nemo retriever; reranking,GPU-accelerated model optimized for providing a probability score that a given passage contains the information to answer a question.,2025-06-25,21409
4,nvidia,cosmos-transfer1-7b,https://build.nvidia.com/nvidia/cosmos-transfer1-7b,Free Endpoint,Synthetic Data Generation,Autonomous Vehicles; Physical AI; robotics; video-to-world,Generates physics-aware video world states for physical AI development using text prompts and multiple spatial control inputs derived from real-world data or simulation.,2025-06-13,220
4,nvidia,Background Noise Removal,https://build.nvidia.com/nvidia/bnr,Download Available,,Nvidia Maxine; Speech-to-speech; Digital Human; Speech Enhancement,Removes unwanted noises from audio improving speech intelligibility.,2025-06-12,462
4,mistralai,mistral-nemotron,https://build.nvidia.com/mistralai/mistral-nemotron,Free Endpoint,,language generation; instruction following; function calling,"Built for agentic workflows, this model excels in coding, instruction following, and function calling",2025-06-11,7361636
4,mit,Boltz-2,https://build.nvidia.com/mit/boltz2,Download Available,Drug Discovery,nim; Bionemo; Biology; Protein Folding,Predict complex structures using Boltz-2.,2025-06-07,210921
4,nvidia,llama-3.1-nemotron-nano-vl-8b-v1,https://build.nvidia.com/nvidia/llama-3.1-nemotron-nano-vl-8b-v1,Download Available,,doc intelligence; multiple image understanding; OCR,Multi-modal vision-language model that understands text/img and creates informative responses,2025-06-03,7126525
4,nvidia,magpie-tts-zeroshot,https://build.nvidia.com/nvidia/magpie-tts-zeroshot,Free Endpoint,Text-to-Speech,TTS; NVIDIA NIM; NVIDIA Riva,"Expressive and engaging text-to-speech, generated from a short audio sample.",2025-05-22,9144
4,black-forest-labs,FLUX.1-schnell,https://build.nvidia.com/black-forest-labs/flux_1-schnell,Partner Endpoint; Download Available,Text-to-Image; Image Generation,Run-on-RTX,"FLUX.1-schnell is a distilled image generation model, producing high quality images at fast speeds",2025-05-20,92849
4,mistralai,mistral-medium-3-instruct,https://build.nvidia.com/mistralai/mistral-medium-3-instruct,Free Endpoint,Image-to-Text,language generation; multimodal; visual question answering,"Powerful, multimodal language model designed for enterprise applications, including software development, data analysis, and reasoning.",2025-05-08,733218
4,nvidia,parakeet-1.1b-rnnt-multilingual-asr,https://build.nvidia.com/nvidia/parakeet-1_1b-rnnt-multilingual-asr,Download Available,Speech-to-Text,Automatic Speech Recognition; NVIDIA NIM; NVIDIA Riva,High accuracy and optimized performance for transcription in 25 languages,2025-04-30,20751
4,black-forest-labs,FLUX.1-dev,https://build.nvidia.com/black-forest-labs/flux_1-dev,Partner Endpoint; Download Available,Text-to-Image; Image Generation,Run-on-RTX,FLUX.1 is a state-of-the-art suite of image generation models,2025-04-09,69227
4,meta,llama-4-maverick-17b-128e-instruct,https://build.nvidia.com/meta/llama-4-maverick-17b-128e-instruct,Free Endpoint,Image-to-Text,language generation; vision assistant; visual question answering,"A general purpose multimodal, multilingual 128 MoE model with 17B parameters.",2025-04-06,18710382
4,nvidia,cosmos-predict1-5b,https://build.nvidia.com/nvidia/cosmos-predict1-5b,Free Endpoint,Synthetic Data Generation,Physical AI; policy evaluation; robotics; video-to-world,Generates future frames of a physics-aware world state based on simply an image or short video prompt for physical AI development.,2025-03-18,552
4,nvidia,sparsedrive,https://build.nvidia.com/nvidia/sparsedrive,Free Endpoint,,autonomous vehicles; bev; av stack; automotive,"End-to-end autonomous driving stack integrating perception, prediction, and planning with sparse scene representations for efficiency and safety.",2025-03-18,65
4,nvidia,bevformer,https://build.nvidia.com/nvidia/bevformer,Free Endpoint,,autonomous vehicles; bev; automotive; perception,Advanced transformer for multi-frame bird's-eye-view 3D perception in autonomous driving.,2025-03-18,122
4,nvidia,llama-3.3-nemotron-super-49b-v1,https://build.nvidia.com/nvidia/llama-3_3-nemotron-super-49b-v1,Download Available,,math; advanced reasoning; instruction following; function calling,"High efficiency model with leading accuracy for reasoning, tool calling, chat, and instruction following.",2025-03-18,3066417
4,nvidia,llama-3.1-nemotron-nano-8b-v1,https://build.nvidia.com/nvidia/llama-3_1-nemotron-nano-8b-v1,Download Available,,math; advanced reasoning; instruction following; function calling,Leading reasoning and agentic AI accuracy model for PC and edge.,2025-03-18,981098
4,nvidia,magpie-tts-multilingual,https://build.nvidia.com/nvidia/magpie-tts-multilingual,Download Available,Text-to-Speech,TTS; NVIDIA NIM; NVIDIA Riva; multilingual,Natural and expressive voices in multiple languages. For voice agents and brand ambassadors.,2025-03-18,91646
5,nvidia,nv-embedcode-7b-v1,https://build.nvidia.com/nvidia/nv-embedcode-7b-v1,Free Endpoint,Retrieval Augmented Generation,nemo retriever; Embedding,"The NV-EmbedCode model is a 7B Mistral-based embedding model optimized for code retrieval, supporting text, code, and hybrid queries.",2025-03-17,142763
5,nvidia,nemoretriever-table-structure-v1,https://build.nvidia.com/nvidia/nemoretriever-table-structure-v1,Download Available,Object Detection,Object Detection; Chart Detection; nemo retriever; Table Detection; data ingestion,"Model for object detection, fine-tuned to detect charts, tables, and titles in documents.",2025-03-17,21123
5,nvidia,nemoretriever-graphic-elements-v1,https://build.nvidia.com/nvidia/nemoretriever-graphic-elements-v1,Download Available,Object Detection,Object Detection; Chart Detection; nemo retriever; Table Detection; data ingestion,"Model for object detection, fine-tuned to detect charts, tables, and titles in documents.",2025-03-17,4026
5,nvidia,nemoretriever-page-elements-v2,https://build.nvidia.com/nvidia/nemoretriever-page-elements-v2,Download Available,Object Detection,Object Detection; Chart Detection; nemo retriever; Table Detection; data ingestion; run-on-rtx,"Model for object detection, fine-tuned to detect charts, tables, and titles in documents.",2025-03-17,116527
5,colabfold,msa-search,https://build.nvidia.com/colabfold/msa-search,Download Available,Drug Discovery,nim; Bionemo; Biology; Protein Folding,Generates a multiple sequence alignment from a query sequence and a protein sequence database search.,2025-03-16,4786
5,openfold,openfold2,https://build.nvidia.com/openfold/openfold2,Download Available,Drug Discovery,nim; Bionemo; Biology; Protein Folding,"Predicts the 3D structure of a protein from its amino acid sequence, multiple sequence alignments, and templates.",2025-03-14,462
5,google,gemma-3-27b-it,https://build.nvidia.com/google/gemma-3-27b-it,Partner Endpoint; Free Endpoint,Image-to-Text,Vision Assistant; Visual Question Answering; Language Generation,Cutting-edge open multimodal model exceling in high-quality reasoning from images.,2025-03-13,3935434
5,nvidia,nemoretriever-parse,https://build.nvidia.com/nvidia/nemoretriever-parse,Download Available,,optical character recognition; nemo retriever; data ingestion; table extraction; supported language - english,Cutting-edge vision-language model exceling in retrieving text and metadata from images.,2025-03-06,127926
5,microsoft,phi-4-mini-instruct,https://build.nvidia.com/microsoft/phi-4-mini-instruct,Partner Endpoint; Download Available,Code Generation,Chat; Text-to-Text; Language Generation,"Lightweight multilingual LLM powering AI applications in latency bound, memory/compute constrained environments",2025-02-26,548708
5,microsoft,phi-4-multimodal-instruct,https://build.nvidia.com/microsoft/phi-4-multimodal-instruct,Partner Endpoint; Free Endpoint,Image-to-Text,Speech Recognition; Visual QA; Language Generation; Chart and Table Understanding,Cutting-edge open multimodal model exceling in high-quality reasoning from image and audio inputs.,2025-02-26,433137
5,arc,evo2-40b,https://build.nvidia.com/arc/evo2-40b,Download Available,Drug Discovery,DNA Generation; biology; nim; Bionemo,Evo 2 is a biological foundation model that is able to integrate information over long genomic sequences while retaining sensitivity to single-nucleotide changes.,2025-02-19,337754
5,openai,whisper-large-v3,https://build.nvidia.com/openai/whisper-large-v3,Download Available; Partner Endpoint,Speech-to-Text,ASR; AST; batch; Multilingual; NVIDIA Riva; whisper,Robust Speech Recognition via Large-Scale Weak Supervision.,2025-02-18,43280
5,nvidia,canary-1b-asr,https://build.nvidia.com/nvidia/canary-1b-asr,Download Available,,Automatic Speech Recognition; Automatic Speech Translation; NVIDIA NIM; NVIDIA Riva,Multi-lingual model supporting speech-to-text recognition and translation.,2025-02-18,2281
5,nvidia,llama-3.1-nemoguard-8b-topic-control,https://build.nvidia.com/nvidia/llama-3_1-nemoguard-8b-topic-control,Download Available,,nemo guardrails; LLM safety; Safety and moderation; dialogue safety; nemotron,"Topic control model to keep conversations focused on approved topics, avoiding inappropriate content.",2025-01-16,129236
5,nvidia,nemoguard-jailbreak-detect,https://build.nvidia.com/nvidia/nemoguard-jailbreak-detect,Download Available,,nemo guardrails; llm security; NIM; Prompt Injection; Safety and Moderation; LLM Safety,Industry leading jailbreak classification model for protection from adversarial attempts,2025-01-16,11805
5,nvidia,llama-3.1-nemoguard-8b-content-safety,https://build.nvidia.com/nvidia/llama-3_1-nemoguard-8b-content-safety,Download Available,,nemo guardrails; LLM safety; Safety and moderation; dialogue safety; nemotron,Leading content safety model for enhancing the safety and moderation capabilities of LLMs,2025-01-16,127830
5,nvidia,genmol,https://build.nvidia.com/nvidia/genmol-generate,Download Available,Drug Discovery,Chemistry; nim; BioNemo; Molecule Generation,Fragment-Based Molecular Generation by Discrete Diffusion.,2025-01-13,4189
5,qwen,qwen2.5-coder-32b-instruct,https://build.nvidia.com/qwen/qwen2_5-coder-32b-instruct,Partner Endpoint; Download Available,,code completion; code generation; text-to-code,"Advanced LLM for code generation, reasoning, and fixing across popular programming languages.",2024-12-20,2481877
5,nvidia,llama-3.2-nv-embedqa-1b-v2,https://build.nvidia.com/nvidia/llama-3_2-nv-embedqa-1b-v2,Download Available,Text-to-Embedding; Retrieval Augmented Generation,nemo retriever; embedding,Multilingual and cross-lingual text question-answering retrieval with long context support and optimized data storage efficiency.,2024-12-16,2470799
5,nvidia,llama-3.2-nv-rerankqa-1b-v2,https://build.nvidia.com/nvidia/llama-3_2-nv-rerankqa-1b-v2,Download Available,Retrieval Augmented Generation,nemo retriever; reranking,"Fine-tuned reranking model for multilingual, cross-lingual text question-answering retrieval, with long context support.",2024-12-16,155767
5,nvidia,usdcode,https://build.nvidia.com/nvidia/usdcode,Free Endpoint,Digital Twin; Synthetic Data Generation; Code Generation,OpenUSD; Chat,State-of-the-art LLM that answers OpenUSD knowledge queries and generates USD-Python code.,2024-12-06,0
5,meta,llama-3.3-70b-instruct,https://build.nvidia.com/meta/llama-3_3-70b-instruct,Download Available; Partner Endpoint,Code Generation,Instruction following; Math; Reasoning; Text-to-Text,"Advanced LLM for reasoning, math, general knowledge, and function calling",2024-12-06,10874475
5,nvidia,nv-yolox-page-elements-v1,https://build.nvidia.com/nvidia/nv-yolox-page-elements-v1,Download Available,,Object Detection; Data ingestion; Chart Detection; nemo retriever; Table Detection; run-on-rtx,"Model for object detection, fine-tuned to detect charts, tables, and titles in documents.",2024-11-22,825
5,baidu,paddleocr,https://build.nvidia.com/baidu/paddleocr,Download Available,,Optical Character Recognition; Table Extraction; Optical Character Detection; nemo retriever; data ingestion; run-on-rtx,"Model for table extraction that receives an image as input, runs OCR on the image, and returns the text within the image and its bounding boxes.",2024-11-22,2772279
6,nvidia,conformer-ctc-asr,https://build.nvidia.com/nvidia/conformer-ctc-asr,Download Available,Speech-to-Text,ASR; streaming; Spanish; NVIDIA NIM; NVIDIA Riva,Automatic speech recognition model that transcribes speech in lower case Spanish with record-setting accuracy and performance,2024-11-18,36
6,nvidia,fourcastnet,https://build.nvidia.com/nvidia/fourcastnet,Download Available,Weather Simulation,AI Weather Prediction; climate science; Earth-2,FourCastNet predicts global atmospheric dynamics of various weather / climate variables.,2024-11-18,1765
6,nvidia,studiovoice,https://build.nvidia.com/nvidia/studiovoice,Download Available; Free Endpoint,,communications; mic quality; nvidia ai for media; speech enhancement,"Enhance input speech recorded with low-quality microphones in noisy or reverberant environments, producing studio-quality speech.",2024-10-03,3310
6,meta,llama-3.2-3b-instruct,https://build.nvidia.com/meta/llama-3.2-3b-instruct,Partner Endpoint; Download Available,Code Generation,Chat; Text-to-Text; Language Generation,"Advanced state-of-the-art small language model with language understanding, superior reasoning, and text generation.",2024-09-25,1073812
6,meta,llama-3.2-11b-vision-instruct,https://build.nvidia.com/meta/llama-3.2-11b-vision-instruct,Download Available; Partner Endpoint,Image-to-Text,Image-Text Retrieval; Visual QA; Image Captioning; Visual Grounding,Cutting-edge vision-language model exceling in high-quality reasoning from images.,2024-09-25,1116020
6,meta,llama-3.2-90b-vision-instruct,https://build.nvidia.com/meta/llama-3.2-90b-vision-instruct,Partner Endpoint; Download Available,Image-to-Text,Image-Text Retrieval; Visual QA; image captioning; Visual Grounding,Cutting-edge vision-Language model exceling in high-quality reasoning from images.,2024-09-25,1501799
6,meta,llama-3.2-1b-instruct,https://build.nvidia.com/meta/llama-3.2-1b-instruct,Partner Endpoint; Download Available,Code Generation,chat; Text-to-Text; Language Generation,"Advanced state-of-the-art small language model with language understanding, superior reasoning, and text generation.",2024-09-25,406795
6,abacusai,dracarys-llama-3.1-70b-instruct,https://build.nvidia.com/abacusai/dracarys-llama-3_1-70b-instruct,Free Endpoint,,Code Generation; Text-to-Text,"Fine-tuned Llama 3.1 70B model for code generation, summarization, and multi-language tasks.",2024-09-11,548685
6,deepmind,alphafold2-multimer,https://build.nvidia.com/deepmind/alphafold2-multimer,Download Available,Drug Discovery,nim; Bionemo; Biology; protein folding,Predicts the 3D structure of a protein from its amino acid sequence.,2024-09-11,92
6,meta,esm2-650m,https://build.nvidia.com/meta/esm2-650m,Free Endpoint,Drug Discovery,nim; Protein Embedding; BioNemo; Biology,Generates embeddings of proteins from their amino acid sequences.,2024-08-29,25052
6,deepmind,alphafold2,https://build.nvidia.com/deepmind/alphafold2,Download Available,Drug Discovery,nim; Bionemo; Biology; protein folding,Predicts the 3D structure of a protein from its amino acid sequence.,2024-08-27,243
6,nvidia,nemotron-mini-4b-instruct,https://build.nvidia.com/nvidia/nemotron-mini-4b-instruct,Free Endpoint,,Chat; Text-to-Text; Language Generation,"Optimized SLM for on-device inference and fine-tuned for roleplay, RAG and function calling",2024-08-21,778423
6,nvidia,megatron-1b-nmt,https://build.nvidia.com/nvidia/megatron-1b-nmt,Download Available,Text Translation,Neural machine translation; NVIDIA NIM,Enable smooth global interactions in 36 languages.,2024-08-06,0
6,nvidia,parakeet-ctc-1.1b-asr,https://build.nvidia.com/nvidia/parakeet-ctc-1_1b-asr,Download Available,Speech-to-Text,ASR; Streaming; English; batch; NVIDIA NIM,Record-setting accuracy and performance for English transcription.,2024-08-06,69456
6,nvidia,parakeet-ctc-0.6b-asr,https://build.nvidia.com/nvidia/parakeet-ctc-0_6b-asr,Download Available,Speech-to-Text,ASR; Streaming; English; Batch; Fast; NVIDIA NIM,State-of-the-art accuracy and speed for English transcriptions.,2024-08-06,2979
6,ipd,proteinmpnn,https://build.nvidia.com/ipd/proteinmpnn,Download Available,Drug Discovery,biology; nim; BioNemo; Protein Generation,ProteinMPNN is a deep learning model for predicting amino acid sequences for protein backbones.,2024-08-02,5894
6,google,gemma-2-2b-it,https://build.nvidia.com/google/gemma-2-2b-it,Free Endpoint,Code Generation,Chat; Text-to-Text; Language Generation,Advanced small language generative AI model for edge applications,2024-07-30,554746
6,nvidia,eyecontact,https://build.nvidia.com/nvidia/eyecontact,Download Available,,telepresence; Nvidia Maxine; Digital Human,Estimate gaze angles of a person in a video and redirect to make it frontal.,2024-07-29,727
6,nvidia,usdvalidate,https://build.nvidia.com/nvidia/usdvalidate,Free Endpoint,Digital Twin; Synthetic Data Generation,Validation; OpenUSD; USD; Visualization 3D,Verify compatibility of OpenUSD assets with instant RTX render and rule-based validation.,2024-07-24,77
6,meta,llama-3.1-70b-instruct,https://build.nvidia.com/meta/llama-3_1-70b-instruct,Partner Endpoint; Download Available,Code Generation,Chat; Text-to-Text; Language Generation,"Powers complex conversations with superior contextual understanding, reasoning and text generation.",2024-07-23,2772043
6,meta,llama-3.1-8b-instruct,https://build.nvidia.com/meta/llama-3_1-8b-instruct,Download Available; Partner Endpoint,Code Generation,Chat; Text-to-Text; Language Generation; Run-on-RTX,"Advanced state-of-the-art model with language understanding, superior reasoning, and text generation.",2024-07-23,20436521
6,nvidia,nv-embedqa-e5-v5,https://build.nvidia.com/nvidia/nv-embedqa-e5-v5,Download Available,Text-to-Embedding; Retrieval Augmented Generation,Embedding; run-on-rtx; Nemo retriever,English text embedding model for question-answering retrieval.,2024-07-17,23204500
6,mistralai,mistral-7b-instruct-v0.3,https://build.nvidia.com/mistralai/mistral-7b-instruct-v03,Partner Endpoint; Download Available,,Chat; Text-to-Text; Language Generation,"This LLM follows instructions, completes requests, and generates creative text.",2024-06-17,415711
6,nvidia,nvclip,https://build.nvidia.com/nvidia/nvclip,Download Available,,Computer vision; multimodal embeddings; text and image; Run-on-rtx,NV-CLIP is a multimodal embeddings model for image and text.,2024-06-13,25338
7,nvidia,nv-embed-v1,https://build.nvidia.com/nvidia/nv-embed-v1,Free Endpoint,Text-to-Embedding; Retrieval Augmented Generation,Non-Commercial Use Only,Generates high-quality numerical embeddings from text inputs.,2024-06-07,3091237
7,upstage,solar-10.7b-instruct,https://build.nvidia.com/upstage/solar-10_7b-instruct,Free Endpoint,,Non-Commercial Use Only; chat; Text-to-Text; Language Generation; Large Language Models,"Excels in NLP tasks, particularly in instruction-following, reasoning, and mathematics.",2024-06-05,310510
7,baai,bge-m3,https://build.nvidia.com/baai/bge-m3,Partner Endpoint; Download Available,Text-to-Embedding; Retrieval Augmented Generation,Embeddings; Retrieval Augmented Generation,"Embedding model for text retrieval tasks, excelling in dense, multi-vector, and sparse retrieval.",2024-06-01,3387825
7,ipd,rfdiffusion,https://build.nvidia.com/ipd/rfdiffusion,Download Available,Drug Discovery,biology; nim; BioNemo; Protein Generation,A generative model of protein backbones for protein binder design.,2024-05-22,4608
7,google,paligemma,https://build.nvidia.com/google/google-paligemma,Free Endpoint,Image-to-Text,image; cv; Vision Assistant; vlm; Visual Question Answering; computer vision,Vision language model adept at comprehending text and visual inputs to produce informative responses,2024-05-14,13437
7,mistralai,mixtral-8x22b-instruct-v0.1,https://build.nvidia.com/mistralai/mixtral-8x22b-instruct,Partner Endpoint; Download Available,Code Generation,Advanced Reasoning; Chat; Text-to-Text; Large Language Models,"An MOE LLM that follows instructions, completes requests, and generates creative text.",2024-04-18,2098699
7,nvidia,rerank-qa-mistral-4b,https://build.nvidia.com/nvidia/rerank-qa-mistral-4b,Free Endpoint,Retrieval Augmented Generation,Ranking; Retrieval Augmented Generation,GPU-accelerated model optimized for providing a probability score that a given passage contains the information to answer a question.,2024-03-17,349187
7,nvidia,vista-3d,https://build.nvidia.com/nvidia/vista-3d,Download Available,Medical Imaging,Interactive Annotation; Image Segmentation; Non-Commercial Use Only,VISTA-3D is a specialized interactive foundation model for segmenting and anotating human anatomies.,2024-03-15,1165
7,nvidia,molmim,https://build.nvidia.com/nvidia/molmim-generate,Download Available,Drug Discovery,Chemistry; nim; BioNemo; Molecule Generation,"MolMIM performs controlled generation, finding molecules with the right properties.",2024-03-15,275654
7,meta,esmfold,https://build.nvidia.com/meta/esmfold,Free Endpoint,,biology; nim; Bionemo; protein folding; Drug Discovery,Predicts the 3D structure of a protein from its amino acid sequence.,2024-03-15,651922
7,mit,diffdock,https://build.nvidia.com/mit/diffdock,Download Available,Drug Discovery,Chemistry; nim; BioNemo; Docking,Predicts the 3D structure of how a molecule interacts with a protein.,2024-03-15,116452
7,mistralai,mixtral-8x7b-instruct-v0.1,https://build.nvidia.com/mistralai/mixtral-8x7b-instruct,Partner Endpoint; Download Available,Code Generation,Advanced Reasoning; Chat; Text-to-Text; Large Language Models,"An MOE LLM that follows instructions, completes requests, and generates creative text.",2024-03-15,606743
7,nvidia,cuopt,https://build.nvidia.com/nvidia/nvidia-cuopt,Download Available,Route Optimization,,World-record accuracy and performance for complex route optimization.,2024-03-15,51421
